name,gameID,playerID,firstName,lastName,team,opponent,logo,playerLink,betrivers_pts,betrivers_ptsUnder,betrivers_ptsOver,caesars_pts,caesars_ptsUnder,caesars_ptsOver,draftkings_pts,draftkings_ptsUnder,draftkings_ptsOver,fanduel_pts,fanduel_ptsUnder,fanduel_ptsOver,hardrock_pts,hardrock_ptsUnder,hardrock_ptsOver,mgm_pts,mgm_ptsUnder,mgm_ptsOver,espnbet_pts,espnbet_ptsUnder,espnbet_ptsOver,betrivers_reb,betrivers_rebUnder,betrivers_rebOver,caesars_reb,caesars_rebUnder,caesars_rebOver,draftkings_reb,draftkings_rebUnder,draftkings_rebOver,fanduel_reb,fanduel_rebUnder,fanduel_rebOver,hardrock_reb,hardrock_rebUnder,hardrock_rebOver,mgm_reb,mgm_rebUnder,mgm_rebOver,espnbet_reb,espnbet_rebUnder,espnbet_rebOver,betrivers_ast,betrivers_astUnder,betrivers_astOver,caesars_ast,caesars_astUnder,caesars_astOver,draftkings_ast,draftkings_astUnder,draftkings_astOver,fanduel_ast,fanduel_astUnder,fanduel_astOver,hardrock_ast,hardrock_astUnder,hardrock_astOver,mgm_ast,mgm_astUnder,mgm_astOver,espnbet_ast,espnbet_astUnder,espnbet_astOver,caesars_threes,caesars_threesUnder,caesars_threesOver,draftkings_threes,draftkings_threesUnder,draftkings_threesOver,hardrock_threes,hardrock_threesUnder,hardrock_threesOver,mgm_threes,mgm_threesUnder,mgm_threesOver,fanduel_threes,fanduel_threesUnder,fanduel_threesOver,betrivers_threes,betrivers_threesUnder,betrivers_threesOver,espnbet_threes,espnbet_threesUnder,espnbet_threesOver,fanduel_blk,fanduel_blkUnder,fanduel_blkOver,hardrock_blk,hardrock_blkUnder,hardrock_blkOver,mgm_blk,mgm_blkUnder,mgm_blkOver,draftkings_blk,draftkings_blkUnder,draftkings_blkOver,betrivers_blk,betrivers_blkUnder,betrivers_blkOver,caesars_blk,caesars_blkUnder,caesars_blkOver,espnbet_blk,espnbet_blkUnder,espnbet_blkOver,hardrock_stl,hardrock_stlUnder,hardrock_stlOver,mgm_stl,mgm_stlUnder,mgm_stlOver,draftkings_stl,draftkings_stlUnder,draftkings_stlOver,fanduel_stl,fanduel_stlUnder,fanduel_stlOver,betrivers_stl,betrivers_stlUnder,betrivers_stlOver,caesars_stl,caesars_stlUnder,caesars_stlOver,espnbet_stl,espnbet_stlUnder,espnbet_stlOver,hardrock_turnovers,hardrock_turnoversUnder,hardrock_turnoversOver,mgm_turnovers,mgm_turnoversUnder,mgm_turnoversOver,draftkings_turnovers,draftkings_turnoversUnder,draftkings_turnoversOver,fanduel_turnovers,fanduel_turnoversUnder,fanduel_turnoversOver,betrivers_turnovers,betrivers_turnoversUnder,betrivers_turnoversOver,caesars_turnovers,caesars_turnoversUnder,caesars_turnoversOver,espnbet_turnovers,espnbet_turnoversUnder,espnbet_turnoversOver,betrivers_ptsrebast,betrivers_ptsrebastUnder,betrivers_ptsrebastOver,caesars_ptsrebast,caesars_ptsrebastUnder,caesars_ptsrebastOver,draftkings_ptsrebast,draftkings_ptsrebastUnder,draftkings_ptsrebastOver,fanduel_ptsrebast,fanduel_ptsrebastUnder,fanduel_ptsrebastOver,hardrock_ptsrebast,hardrock_ptsrebastUnder,hardrock_ptsrebastOver,mgm_ptsrebast,mgm_ptsrebastUnder,mgm_ptsrebastOver,espnbet_ptsrebast,espnbet_ptsrebastUnder,espnbet_ptsrebastOver,betrivers_ptsreb,betrivers_ptsrebUnder,betrivers_ptsrebOver,caesars_ptsreb,caesars_ptsrebUnder,caesars_ptsrebOver,draftkings_ptsreb,draftkings_ptsrebUnder,draftkings_ptsrebOver,fanduel_ptsreb,fanduel_ptsrebUnder,fanduel_ptsrebOver,hardrock_ptsreb,hardrock_ptsrebUnder,hardrock_ptsrebOver,mgm_ptsreb,mgm_ptsrebUnder,mgm_ptsrebOver,espnbet_ptsreb,espnbet_ptsrebUnder,espnbet_ptsrebOver,betrivers_ptsast,betrivers_ptsastUnder,betrivers_ptsastOver,caesars_ptsast,caesars_ptsastUnder,caesars_ptsastOver,draftkings_ptsast,draftkings_ptsastUnder,draftkings_ptsastOver,fanduel_ptsast,fanduel_ptsastUnder,fanduel_ptsastOver,hardrock_ptsast,hardrock_ptsastUnder,hardrock_ptsastOver,mgm_ptsast,mgm_ptsastUnder,mgm_ptsastOver,espnbet_ptsast,espnbet_ptsastUnder,espnbet_ptsastOver,betrivers_rebast,betrivers_rebastUnder,betrivers_rebastOver,caesars_rebast,caesars_rebastUnder,caesars_rebastOver,draftkings_rebast,draftkings_rebastUnder,draftkings_rebastOver,fanduel_rebast,fanduel_rebastUnder,fanduel_rebastOver,hardrock_rebast,hardrock_rebastUnder,hardrock_rebastOver,mgm_rebast,mgm_rebastUnder,mgm_rebastOver,espnbet_rebast,espnbet_rebastUnder,espnbet_rebastOver,hardrock_stlblk,hardrock_stlblkUnder,hardrock_stlblkOver,mgm_stlblk,mgm_stlblkUnder,mgm_stlblkOver,draftkings_stlblk,draftkings_stlblkUnder,draftkings_stlblkOver,fanduel_stlblk,fanduel_stlblkUnder,fanduel_stlblkOver,betrivers_stlblk,betrivers_stlblkUnder,betrivers_stlblkOver,caesars_stlblk,caesars_stlblkUnder,caesars_stlblkOver,espnbet_stlblk,espnbet_stlblkUnder,espnbet_stlblkOver,asof_date,game_date,book
Devin Booker,2914974,3711,Devin,Booker,PHX,LAC,https://content.rotowire.com/images/teamlogo/basketball/100PHX.png?v=7,/betting/nba/player/devin-booker-odds-3711,29.5,102,104,28.5,-125,-110,27.5,-105,-121,27.5,-102,-130,28.5,-120,-110,28.5,-120,-110,,,,,,,,,,,,,,,,,,,,,,,,,,,,,,,,,,,,,,,,,,,,,,,,,,,,,,,,,,,,,,,,,,,,,,,,,,,,,,,,,,,,,,,,,,,,,,,,,,,,,,,,,,,,,,,,,,,,,,,,,,,,,,,,,,,,,,,,,,,,,,,,,,,,,,,,,,,,,,,,,,,,,,,,,,,,,,,,,,,,,,,,,,,,,,,,,,,,,,,,,,,,,,,,,,,,,,,,,,,,,,,,,,,,,,,,,,,2025-11-06,2025-11-06,mgm
Ivica Zubac,2914974,3888,Ivica,Zubac,LAC,@PHX,https://content.rotowire.com/images/teamlogo/basketball/100LAC.png?v=7,/betting/nba/player/ivica-zubac-odds-3888,18.5,102,112,17.5,-117,-115,16.5,-107,-120,17.5,-122,-106,17.5,-115,-115,17.5,-118,-115,,,,,,,,,,,,,,,,,,,,,,,,,,,,,,,,,,,,,,,,,,,,,,,,,,,,,,,,,,,,,,,,,,,,,,,,,,,,,,,,,,,,,,,,,,,,,,,,,,,,,,,,,,,,,,,,,,,,,,,,,,,,,,,,,,,,,,,,,,,,,,,,,,,,,,,,,,,,,,,,,,,,,,,,,,,,,,,,,,,,,,,,,,,,,,,,,,,,,,,,,,,,,,,,,,,,,,,,,,,,,,,,,,,,,,,,,,,2025-11-06,2025-11-06,mgm
John Collins,2914974,4159,John,Collins,LAC,@PHX,https://content.rotowire.com/images/teamlogo/basketball/100LAC.png?v=7,/betting/nba/player/john-collins-odds-4159,,,,17.5,-115,-117,17.5,-127,-101,17.5,-114,-114,17.5,-120,-110,17.5,-120,-110,,,,,,,,,,,,,,,,,,,,,,,,,,,,,,,,,,,,,,,,,,,,,,,,,,,,,,,,,,,,,,,,,,,,,,,,,,,,,,,,,,,,,,,,,,,,,,,,,,,,,,,,,,,,,,,,,,,,,,,,,,,,,,,,,,,,,,,,,,,,,,,,,,,,,,,,,,,,,,,,,,,,,,,,,,,,,,,,,,,,,,,,,,,,,,,,,,,,,,,,,,,,,,,,,,,,,,,,,,,,,,,,,,,,,,,,,,,2025-11-06,2025-11-06,mgm
Grayson Allen,2914974,4454,Grayson,Allen,PHX,LAC,https://content.rotowire.com/images/teamlogo/basketball/100PHX.png?v=7,/betting/nba/player/grayson-allen-odds-4454,15.5,-108,-103,15.5,-118,-114,15.5,-122,-104,15.5,-136,102,15.5,-105,-125,15.5,-120,-110,,,,,,,,,,,,,,,,,,,,,,,,,,,,,,,,,,,,,,,,,,,,,,,,,,,,,,,,,,,,,,,,,,,,,,,,,,,,,,,,,,,,,,,,,,,,,,,,,,,,,,,,,,,,,,,,,,,,,,,,,,,,,,,,,,,,,,,,,,,,,,,,,,,,,,,,,,,,,,,,,,,,,,,,,,,,,,,,,,,,,,,,,,,,,,,,,,,,,,,,,,,,,,,,,,,,,,,,,,,,,,,,,,,,,,,,,,,2025-11-06,2025-11-06,mgm
Bradley Beal,2914974,3303,Bradley,Beal,LAC,@PHX,https://content.rotowire.com/images/teamlogo/basketball/100LAC.png?v=7,/betting/nba/player/bradley-beal-odds-3303,15.5,106,108,14.5,-112,-121,14.5,-110,-116,14.5,-110,-120,14.5,-125,-105,14.5,-125,-105,,,,,,,,,,,,,,,,,,,,,,,,,,,,,,,,,,,,,,,,,,,,,,,,,,,,,,,,,,,,,,,,,,,,,,,,,,,,,,,,,,,,,,,,,,,,,,,,,,,,,,,,,,,,,,,,,,,,,,,,,,,,,,,,,,,,,,,,,,,,,,,,,,,,,,,,,,,,,,,,,,,,,,,,,,,,,,,,,,,,,,,,,,,,,,,,,,,,,,,,,,,,,,,,,,,,,,,,,,,,,,,,,,,,,,,,,,,2025-11-06,2025-11-06,mgm
Jalen Green,2914974,5230,Jalen,Green,PHX,LAC,https://content.rotowire.com/images/teamlogo/basketball/100PHX.png?v=7,/betting/nba/player/jalen-green-odds-5230,13.5,110,112,12.5,-104,-130,13.5,-125,-102,12.5,-102,-130,12.5,-105,-120,12.5,-110,-125,,,,,,,,,,,,,,,,,,,,,,,,,,,,,,,,,,,,,,,,,,,,,,,,,,,,,,,,,,,,,,,,,,,,,,,,,,,,,,,,,,,,,,,,,,,,,,,,,,,,,,,,,,,,,,,,,,,,,,,,,,,,,,,,,,,,,,,,,,,,,,,,,,,,,,,,,,,,,,,,,,,,,,,,,,,,,,,,,,,,,,,,,,,,,,,,,,,,,,,,,,,,,,,,,,,,,,,,,,,,,,,,,,,,,,,,,,,2025-11-06,2025-11-06,mgm
Mark Williams,2914974,5647,Mark,Williams,PHX,LAC,https://content.rotowire.com/images/teamlogo/basketball/100PHX.png?v=7,/betting/nba/player/mark-williams-odds-5647,13.5,102,-109,13.5,-117,-115,13.5,-103,-124,13.5,-125,-106,13.5,-105,-125,13.5,-110,-120,,,,,,,,,,,,,,,,,,,,,,,,,,,,,,,,,,,,,,,,,,,,,,,,,,,,,,,,,,,,,,,,,,,,,,,,,,,,,,,,,,,,,,,,,,,,,,,,,,,,,,,,,,,,,,,,,,,,,,,,,,,,,,,,,,,,,,,,,,,,,,,,,,,,,,,,,,,,,,,,,,,,,,,,,,,,,,,,,,,,,,,,,,,,,,,,,,,,,,,,,,,,,,,,,,,,,,,,,,,,,,,,,,,,,,,,,,,2025-11-06,2025-11-06,mgm
Bogdan Bogdanovic,2914974,3593,Bogdan,Bogdanovic,LAC,@PHX,https://content.rotowire.com/images/teamlogo/basketball/100LAC.png?v=7,/betting/nba/player/bogdan-bogdanovic-odds-3593,,,,11.5,-113,-120,11.5,-105,-122,11.5,-118,-112,,,,,,,,,,,,,,,,,,,,,,,,,,,,,,,,,,,,,,,,,,,,,,,,,,,,,,,,,,,,,,,,,,,,,,,,,,,,,,,,,,,,,,,,,,,,,,,,,,,,,,,,,,,,,,,,,,,,,,,,,,,,,,,,,,,,,,,,,,,,,,,,,,,,,,,,,,,,,,,,,,,,,,,,,,,,,,,,,,,,,,,,,,,,,,,,,,,,,,,,,,,,,,,,,,,,,,,,,,,,,,,,,,,,,,,,,,,,,,,,,2025-11-06,2025-11-06,mgm
Derrick Jones,2914974,4083,Derrick,Jones,LAC,@PHX,https://content.rotowire.com/images/teamlogo/basketball/100LAC.png?v=7,/betting/nba/player/derrick-jones-odds-4083,,,,11.5,-110,-122,11.5,-107,-119,11.5,-106,-125,11.5,-120,-110,11.5,-120,-110,,,,,,,,,,,,,,,,,,,,,,,,,,,,,,,,,,,,,,,,,,,,,,,,,,,,,,,,,,,,,,,,,,,,,,,,,,,,,,,,,,,,,,,,,,,,,,,,,,,,,,,,,,,,,,,,,,,,,,,,,,,,,,,,,,,,,,,,,,,,,,,,,,,,,,,,,,,,,,,,,,,,,,,,,,,,,,,,,,,,,,,,,,,,,,,,,,,,,,,,,,,,,,,,,,,,,,,,,,,,,,,,,,,,,,,,,,,2025-11-06,2025-11-06,mgm
Kris Dunn,2914974,3854,Kris,Dunn,LAC,@PHX,https://content.rotowire.com/images/teamlogo/basketball/100LAC.png?v=7,/betting/nba/player/kris-dunn-odds-3854,9.5,115,112,8.5,-124,-109,8.5,-132,104,8.5,-118,-112,,,,,,,,,,,,,,,,,,,,,,,,,,,,,,,,,,,,,,,,,,,,,,,,,,,,,,,,,,,,,,,,,,,,,,,,,,,,,,,,,,,,,,,,,,,,,,,,,,,,,,,,,,,,,,,,,,,,,,,,,,,,,,,,,,,,,,,,,,,,,,,,,,,,,,,,,,,,,,,,,,,,,,,,,,,,,,,,,,,,,,,,,,,,,,,,,,,,,,,,,,,,,,,,,,,,,,,,,,,,,,,,,,,,,,,,,,,,,,,,,2025-11-06,2025-11-06,mgm
Collin Gillespie,2914974,5732,Collin,Gillespie,PHX,LAC,https://content.rotowire.com/images/teamlogo/basketball/100PHX.png?v=7,/betting/nba/player/collin-gillespie-odds-5732,,,,9.5,-125,-107,9.5,-131,102,9.5,-138,104,9.5,-120,-110,9.5,-118,-110,,,,,,,,,,,,,,,,,,,,,,,,,,,,,,,,,,,,,,,,,,,,,,,,,,,,,,,,,,,,,,,,,,,,,,,,,,,,,,,,,,,,,,,,,,,,,,,,,,,,,,,,,,,,,,,,,,,,,,,,,,,,,,,,,,,,,,,,,,,,,,,,,,,,,,,,,,,,,,,,,,,,,,,,,,,,,,,,,,,,,,,,,,,,,,,,,,,,,,,,,,,,,,,,,,,,,,,,,,,,,,,,,,,,,,,,,,,2025-11-06,2025-11-06,mgm
Royce O'Neale,2914974,3977,Royce,O'Neale,PHX,LAC,https://content.rotowire.com/images/teamlogo/basketball/100PHX.png?v=7,/betting/nba/player/royce-oneale-odds-3977,9.5,104,-105,9.5,-127,-106,9.5,-117,-109,9.5,-132,100,8.5,105,-135,8.5,105,-140,,,,,,,,,,,,,,,,,,,,,,,,,,,,,,,,,,,,,,,,,,,,,,,,,,,,,,,,,,,,,,,,,,,,,,,,,,,,,,,,,,,,,,,,,,,,,,,,,,,,,,,,,,,,,,,,,,,,,,,,,,,,,,,,,,,,,,,,,,,,,,,,,,,,,,,,,,,,,,,,,,,,,,,,,,,,,,,,,,,,,,,,,,,,,,,,,,,,,,,,,,,,,,,,,,,,,,,,,,,,,,,,,,,,,,,,,,,2025-11-06,2025-11-06,mgm
Ryan Dunn,2914974,6276,Ryan,Dunn,PHX,LAC,https://content.rotowire.com/images/teamlogo/basketball/100PHX.png?v=7,/betting/nba/player/ryan-dunn-odds-6276,,,,8.5,-112,-121,8.5,-102,-125,8.5,-102,-130,8.5,-115,-115,8.5,-118,-115,,,,,,,,,,,,,,,,,,,,,,,,,,,,,,,,,,,,,,,,,,,,,,,,,,,,,,,,,,,,,,,,,,,,,,,,,,,,,,,,,,,,,,,,,,,,,,,,,,,,,,,,,,,,,,,,,,,,,,,,,,,,,,,,,,,,,,,,,,,,,,,,,,,,,,,,,,,,,,,,,,,,,,,,,,,,,,,,,,,,,,,,,,,,,,,,,,,,,,,,,,,,,,,,,,,,,,,,,,,,,,,,,,,,,,,,,,,2025-11-06,2025-11-06,mgm
Brook Lopez,2914974,2918,Brook,Lopez,LAC,@PHX,https://content.rotowire.com/images/teamlogo/basketball/100LAC.png?v=7,/betting/nba/player/brook-lopez-odds-2918,,,,6.5,-104,-130,7.5,-124,-103,6.5,-118,-112,7.5,-125,-105,7.5,-125,-105,,,,,,,,,,,,,,,,,,,,,,,,,,,,,,,,,,,,,,,,,,,,,,,,,,,,,,,,,,,,,,,,,,,,,,,,,,,,,,,,,,,,,,,,,,,,,,,,,,,,,,,,,,,,,,,,,,,,,,,,,,,,,,,,,,,,,,,,,,,,,,,,,,,,,,,,,,,,,,,,,,,,,,,,,,,,,,,,,,,,,,,,,,,,,,,,,,,,,,,,,,,,,,,,,,,,,,,,,,,,,,,,,,,,,,,,,,,2025-11-06,2025-11-06,mgm
Chris Paul,2914974,2584,Chris,Paul,LAC,@PHX,https://content.rotowire.com/images/teamlogo/basketball/100LAC.png?v=7,/betting/nba/player/chris-paul-odds-2584,7.5,-115,110,6.5,-113,-120,6.5,-103,-124,6.5,-114,-114,,,,,,,,,,,,,,,,,,,,,,,,,,,,,,,,,,,,,,,,,,,,,,,,,,,,,,,,,,,,,,,,,,,,,,,,,,,,,,,,,,,,,,,,,,,,,,,,,,,,,,,,,,,,,,,,,,,,,,,,,,,,,,,,,,,,,,,,,,,,,,,,,,,,,,,,,,,,,,,,,,,,,,,,,,,,,,,,,,,,,,,,,,,,,,,,,,,,,,,,,,,,,,,,,,,,,,,,,,,,,,,,,,,,,,,,,,,,,,,,,2025-11-06,2025-11-06,mgm
Oso Ighodaro,2914974,6293,Oso,Ighodaro,PHX,LAC,https://content.rotowire.com/images/teamlogo/basketball/100PHX.png?v=7,/betting/nba/player/oso-ighodaro-odds-6293,,,,,,,,,,,,,,,,4.5,-120,-110,,,,,,,,,,,,,,,,,,,,,,,,,,,,,,,,,,,,,,,,,,,,,,,,,,,,,,,,,,,,,,,,,,,,,,,,,,,,,,,,,,,,,,,,,,,,,,,,,,,,,,,,,,,,,,,,,,,,,,,,,,,,,,,,,,,,,,,,,,,,,,,,,,,,,,,,,,,,,,,,,,,,,,,,,,,,,,,,,,,,,,,,,,,,,,,,,,,,,,,,,,,,,,,,,,,,,,,,,,,,,,,,,,,,,,,,,,,2025-11-06,2025-11-06,mgm
Ivica Zubac,2914974,3888,Ivica,Zubac,LAC,@PHX,https://content.rotowire.com/images/teamlogo/basketball/100LAC.png?v=7,/betting/nba/player/ivica-zubac-odds-3888,,,,,,,,,,,,,,,,,,,,,,10.5,102,-136,11.5,-134,100,11.5,-126,-103,11.5,-136,102,11.5,-130,-105,11.5,-130,-105,,,,,,,,,,,,,,,,,,,,,,,,,,,,,,,,,,,,,,,,,,,,,,,,,,,,,,,,,,,,,,,,,,,,,,,,,,,,,,,,,,,,,,,,,,,,,,,,,,,,,,,,,,,,,,,,,,,,,,,,,,,,,,,,,,,,,,,,,,,,,,,,,,,,,,,,,,,,,,,,,,,,,,,,,,,,,,,,,,,,,,,,,,,,,,,,,,,,,,,,,,,,,,,,,,,,,,2025-11-06,2025-11-06,mgm
Mark Williams,2914974,5647,Mark,Williams,PHX,LAC,https://content.rotowire.com/images/teamlogo/basketball/100PHX.png?v=7,/betting/nba/player/mark-williams-odds-5647,,,,,,,,,,,,,,,,,,,,,,9.5,-130,-103,9.5,-134,100,9.5,-126,-102,9.5,-140,106,9.5,-140,100,9.5,-120,-110,,,,,,,,,,,,,,,,,,,,,,,,,,,,,,,,,,,,,,,,,,,,,,,,,,,,,,,,,,,,,,,,,,,,,,,,,,,,,,,,,,,,,,,,,,,,,,,,,,,,,,,,,,,,,,,,,,,,,,,,,,,,,,,,,,,,,,,,,,,,,,,,,,,,,,,,,,,,,,,,,,,,,,,,,,,,,,,,,,,,,,,,,,,,,,,,,,,,,,,,,,,,,,,,,,,,,,2025-11-06,2025-11-06,mgm
John Collins,2914974,4159,John,Collins,LAC,@PHX,https://content.rotowire.com/images/teamlogo/basketball/100LAC.png?v=7,/betting/nba/player/john-collins-odds-4159,,,,,,,,,,,,,,,,,,,,,,,,,6.5,-108,-125,6.5,-101,-129,6.5,-112,-118,6.5,-110,-125,6.5,-110,-120,,,,,,,,,,,,,,,,,,,,,,,,,,,,,,,,,,,,,,,,,,,,,,,,,,,,,,,,,,,,,,,,,,,,,,,,,,,,,,,,,,,,,,,,,,,,,,,,,,,,,,,,,,,,,,,,,,,,,,,,,,,,,,,,,,,,,,,,,,,,,,,,,,,,,,,,,,,,,,,,,,,,,,,,,,,,,,,,,,,,,,,,,,,,,,,,,,,,,,,,,,,,,,,,,,,,,,2025-11-06,2025-11-06,mgm
Ryan Dunn,2914974,6276,Ryan,Dunn,PHX,LAC,https://content.rotowire.com/images/teamlogo/basketball/100PHX.png?v=7,/betting/nba/player/ryan-dunn-odds-6276,,,,,,,,,,,,,,,,,,,,,,,,,4.5,105,-141,4.5,105,-136,4.5,104,-138,4.5,105,-150,4.5,110,-150,,,,,,,,,,,,,,,,,,,,,,,,,,,,,,,,,,,,,,,,,,,,,,,,,,,,,,,,,,,,,,,,,,,,,,,,,,,,,,,,,,,,,,,,,,,,,,,,,,,,,,,,,,,,,,,,,,,,,,,,,,,,,,,,,,,,,,,,,,,,,,,,,,,,,,,,,,,,,,,,,,,,,,,,,,,,,,,,,,,,,,,,,,,,,,,,,,,,,,,,,,,,,,,,,,,,,,2025-11-06,2025-11-06,mgm
Royce O'Neale,2914974,3977,Royce,O'Neale,PHX,LAC,https://content.rotowire.com/images/teamlogo/basketball/100PHX.png?v=7,/betting/nba/player/royce-oneale-odds-3977,,,,,,,,,,,,,,,,,,,,,,4.5,106,-141,4.5,100,-139,4.5,100,-130,4.5,104,-138,4.5,-115,-120,4.5,-110,-118,,,,,,,,,,,,,,,,,,,,,,,,,,,,,,,,,,,,,,,,,,,,,,,,,,,,,,,,,,,,,,,,,,,,,,,,,,,,,,,,,,,,,,,,,,,,,,,,,,,,,,,,,,,,,,,,,,,,,,,,,,,,,,,,,,,,,,,,,,,,,,,,,,,,,,,,,,,,,,,,,,,,,,,,,,,,,,,,,,,,,,,,,,,,,,,,,,,,,,,,,,,,,,,,,,,,,,2025-11-06,2025-11-06,mgm
Grayson Allen,2914974,4454,Grayson,Allen,PHX,LAC,https://content.rotowire.com/images/teamlogo/basketball/100PHX.png?v=7,/betting/nba/player/grayson-allen-odds-4454,,,,,,,,,,,,,,,,,,,,,,3.5,-139,104,3.5,-137,100,3.5,-127,-102,3.5,-138,104,3.5,-130,-105,3.5,-118,-115,,,,,,,,,,,,,,,,,,,,,,,,,,,,,,,,,,,,,,,,,,,,,,,,,,,,,,,,,,,,,,,,,,,,,,,,,,,,,,,,,,,,,,,,,,,,,,,,,,,,,,,,,,,,,,,,,,,,,,,,,,,,,,,,,,,,,,,,,,,,,,,,,,,,,,,,,,,,,,,,,,,,,,,,,,,,,,,,,,,,,,,,,,,,,,,,,,,,,,,,,,,,,,,,,,,,,,2025-11-06,2025-11-06,mgm
Devin Booker,2914974,3711,Devin,Booker,PHX,LAC,https://content.rotowire.com/images/teamlogo/basketball/100PHX.png?v=7,/betting/nba/player/devin-booker-odds-3711,,,,,,,,,,,,,,,,,,,,,,3.5,-127,-105,3.5,-117,-115,3.5,-113,-114,3.5,-114,-114,3.5,-120,-120,3.5,-115,-115,,,,,,,,,,,,,,,,,,,,,,,,,,,,,,,,,,,,,,,,,,,,,,,,,,,,,,,,,,,,,,,,,,,,,,,,,,,,,,,,,,,,,,,,,,,,,,,,,,,,,,,,,,,,,,,,,,,,,,,,,,,,,,,,,,,,,,,,,,,,,,,,,,,,,,,,,,,,,,,,,,,,,,,,,,,,,,,,,,,,,,,,,,,,,,,,,,,,,,,,,,,,,,,,,,,,,,2025-11-06,2025-11-06,mgm
Kris Dunn,2914974,3854,Kris,Dunn,LAC,@PHX,https://content.rotowire.com/images/teamlogo/basketball/100LAC.png?v=7,/betting/nba/player/kris-dunn-odds-3854,,,,,,,,,,,,,,,,,,,,,,3.5,-120,-112,3.5,-122,-110,3.5,-117,-111,3.5,-120,-110,,,,,,,,,,,,,,,,,,,,,,,,,,,,,,,,,,,,,,,,,,,,,,,,,,,,,,,,,,,,,,,,,,,,,,,,,,,,,,,,,,,,,,,,,,,,,,,,,,,,,,,,,,,,,,,,,,,,,,,,,,,,,,,,,,,,,,,,,,,,,,,,,,,,,,,,,,,,,,,,,,,,,,,,,,,,,,,,,,,,,,,,,,,,,,,,,,,,,,,,,,,,,,,,,,,,,,,,,,,,2025-11-06,2025-11-06,mgm
Collin Gillespie,2914974,5732,Collin,Gillespie,PHX,LAC,https://content.rotowire.com/images/teamlogo/basketball/100PHX.png?v=7,/betting/nba/player/collin-gillespie-odds-5732,,,,,,,,,,,,,,,,,,,,,,,,,,,,,,,,,,3.5,-180,125,3.5,-150,115,,,,,,,,,,,,,,,,,,,,,,,,,,,,,,,,,,,,,,,,,,,,,,,,,,,,,,,,,,,,,,,,,,,,,,,,,,,,,,,,,,,,,,,,,,,,,,,,,,,,,,,,,,,,,,,,,,,,,,,,,,,,,,,,,,,,,,,,,,,,,,,,,,,,,,,,,,,,,,,,,,,,,,,,,,,,,,,,,,,,,,,,,,,,,,,,,,,,,,,,,,,,,,,,,,,,,,2025-11-06,2025-11-06,mgm
Jalen Green,2914974,5230,Jalen,Green,PHX,LAC,https://content.rotowire.com/images/teamlogo/basketball/100PHX.png?v=7,/betting/nba/player/jalen-green-odds-5230,,,,,,,,,,,,,,,,,,,,,,3.5,-175,130,2.5,125,-173,2.5,126,-164,2.5,134,-182,2.5,115,-165,2.5,120,-160,,,,,,,,,,,,,,,,,,,,,,,,,,,,,,,,,,,,,,,,,,,,,,,,,,,,,,,,,,,,,,,,,,,,,,,,,,,,,,,,,,,,,,,,,,,,,,,,,,,,,,,,,,,,,,,,,,,,,,,,,,,,,,,,,,,,,,,,,,,,,,,,,,,,,,,,,,,,,,,,,,,,,,,,,,,,,,,,,,,,,,,,,,,,,,,,,,,,,,,,,,,,,,,,,,,,,,2025-11-06,2025-11-06,mgm
Oso Ighodaro,2914974,6293,Oso,Ighodaro,PHX,LAC,https://content.rotowire.com/images/teamlogo/basketball/100PHX.png?v=7,/betting/nba/player/oso-ighodaro-odds-6293,,,,,,,,,,,,,,,,,,,,,,,,,3.5,-145,105,,,,,,,3.5,-150,105,3.5,-145,110,,,,,,,,,,,,,,,,,,,,,,,,,,,,,,,,,,,,,,,,,,,,,,,,,,,,,,,,,,,,,,,,,,,,,,,,,,,,,,,,,,,,,,,,,,,,,,,,,,,,,,,,,,,,,,,,,,,,,,,,,,,,,,,,,,,,,,,,,,,,,,,,,,,,,,,,,,,,,,,,,,,,,,,,,,,,,,,,,,,,,,,,,,,,,,,,,,,,,,,,,,,,,,,,,,,,,,2025-11-06,2025-11-06,mgm
Derrick Jones,2914974,4083,Derrick,Jones,LAC,@PHX,https://content.rotowire.com/images/teamlogo/basketball/100LAC.png?v=7,/betting/nba/player/derrick-jones-odds-4083,,,,,,,,,,,,,,,,,,,,,,,,,3.5,-108,-125,3.5,-104,-124,3.5,-106,-125,3.5,-125,-110,3.5,-120,-110,,,,,,,,,,,,,,,,,,,,,,,,,,,,,,,,,,,,,,,,,,,,,,,,,,,,,,,,,,,,,,,,,,,,,,,,,,,,,,,,,,,,,,,,,,,,,,,,,,,,,,,,,,,,,,,,,,,,,,,,,,,,,,,,,,,,,,,,,,,,,,,,,,,,,,,,,,,,,,,,,,,,,,,,,,,,,,,,,,,,,,,,,,,,,,,,,,,,,,,,,,,,,,,,,,,,,,2025-11-06,2025-11-06,mgm
Brook Lopez,2914974,2918,Brook,Lopez,LAC,@PHX,https://content.rotowire.com/images/teamlogo/basketball/100LAC.png?v=7,/betting/nba/player/brook-lopez-odds-2918,,,,,,,,,,,,,,,,,,,,,,,,,2.5,115,-157,2.5,128,-167,2.5,116,-154,2.5,105,-150,2.5,110,-150,,,,,,,,,,,,,,,,,,,,,,,,,,,,,,,,,,,,,,,,,,,,,,,,,,,,,,,,,,,,,,,,,,,,,,,,,,,,,,,,,,,,,,,,,,,,,,,,,,,,,,,,,,,,,,,,,,,,,,,,,,,,,,,,,,,,,,,,,,,,,,,,,,,,,,,,,,,,,,,,,,,,,,,,,,,,,,,,,,,,,,,,,,,,,,,,,,,,,,,,,,,,,,,,,,,,,,2025-11-06,2025-11-06,mgm
Bradley Beal,2914974,3303,Bradley,Beal,LAC,@PHX,https://content.rotowire.com/images/teamlogo/basketball/100LAC.png?v=7,/betting/nba/player/bradley-beal-odds-3303,,,,,,,,,,,,,,,,,,,,,,,,,,,,,,,,,,,,,1.5,120,-155,,,,,,,,,,,,,,,,,,,,,,,,,,,,,,,,,,,,,,,,,,,,,,,,,,,,,,,,,,,,,,,,,,,,,,,,,,,,,,,,,,,,,,,,,,,,,,,,,,,,,,,,,,,,,,,,,,,,,,,,,,,,,,,,,,,,,,,,,,,,,,,,,,,,,,,,,,,,,,,,,,,,,,,,,,,,,,,,,,,,,,,,,,,,,,,,,,,,,,,,,,,,,,,,,,,,,,2025-11-06,2025-11-06,mgm
Devin Booker,2914974,3711,Devin,Booker,PHX,LAC,https://content.rotowire.com/images/teamlogo/basketball/100PHX.png?v=7,/betting/nba/player/devin-booker-odds-3711,,,,,,,,,,,,,,,,,,,,,,,,,,,,,,,,,,,,,,,,,,,7.5,102,-134,7.5,-109,-124,7.5,-103,-126,7.5,-106,-125,7.5,-125,-115,7.5,-105,-125,,,,,,,,,,,,,,,,,,,,,,,,,,,,,,,,,,,,,,,,,,,,,,,,,,,,,,,,,,,,,,,,,,,,,,,,,,,,,,,,,,,,,,,,,,,,,,,,,,,,,,,,,,,,,,,,,,,,,,,,,,,,,,,,,,,,,,,,,,,,,,,,,,,,,,,,,,,,,,,,,,,,,,,,,,,,,,,,,,,,,,,,,,,,,,,,,2025-11-06,2025-11-06,mgm
Chris Paul,2914974,2584,Chris,Paul,LAC,@PHX,https://content.rotowire.com/images/teamlogo/basketball/100LAC.png?v=7,/betting/nba/player/chris-paul-odds-2584,,,,,,,,,,,,,,,,,,,,,,,,,,,,,,,,,,,,,,,,,,,5.5,100,-132,6.5,-130,-105,6.5,-125,-104,6.5,-128,-104,,,,,,,,,,,,,,,,,,,,,,,,,,,,,,,,,,,,,,,,,,,,,,,,,,,,,,,,,,,,,,,,,,,,,,,,,,,,,,,,,,,,,,,,,,,,,,,,,,,,,,,,,,,,,,,,,,,,,,,,,,,,,,,,,,,,,,,,,,,,,,,,,,,,,,,,,,,,,,,,,,,,,,,,,,,,,,,,,,,,,,,,,,,,,,,,,,,,,,,2025-11-06,2025-11-06,mgm
Collin Gillespie,2914974,5732,Collin,Gillespie,PHX,LAC,https://content.rotowire.com/images/teamlogo/basketball/100PHX.png?v=7,/betting/nba/player/collin-gillespie-odds-5732,,,,,,,,,,,,,,,,,,,,,,,,,,,,,,,,,,,,,,,,,,,,,,3.5,120,-162,3.5,128,-167,4.5,-178,132,3.5,-110,-130,3.5,-105,-130,,,,,,,,,,,,,,,,,,,,,,,,,,,,,,,,,,,,,,,,,,,,,,,,,,,,,,,,,,,,,,,,,,,,,,,,,,,,,,,,,,,,,,,,,,,,,,,,,,,,,,,,,,,,,,,,,,,,,,,,,,,,,,,,,,,,,,,,,,,,,,,,,,,,,,,,,,,,,,,,,,,,,,,,,,,,,,,,,,,,,,,,,,,,,,,,,2025-11-06,2025-11-06,mgm
Grayson Allen,2914974,4454,Grayson,Allen,PHX,LAC,https://content.rotowire.com/images/teamlogo/basketball/100PHX.png?v=7,/betting/nba/player/grayson-allen-odds-4454,,,,,,,,,,,,,,,,,,,,,,,,,,,,,,,,,,,,,,,,,,,3.5,112,-148,3.5,110,-150,3.5,115,-149,3.5,114,-152,3.5,110,-160,3.5,105,-145,,,,,,,,,,,,,,,,,,,,,,,,,,,,,,,,,,,,,,,,,,,,,,,,,,,,,,,,,,,,,,,,,,,,,,,,,,,,,,,,,,,,,,,,,,,,,,,,,,,,,,,,,,,,,,,,,,,,,,,,,,,,,,,,,,,,,,,,,,,,,,,,,,,,,,,,,,,,,,,,,,,,,,,,,,,,,,,,,,,,,,,,,,,,,,,,,2025-11-06,2025-11-06,mgm
Bradley Beal,2914974,3303,Bradley,Beal,LAC,@PHX,https://content.rotowire.com/images/teamlogo/basketball/100LAC.png?v=7,/betting/nba/player/bradley-beal-odds-3303,,,,,,,,,,,,,,,,,,,,,,,,,,,,,,,,,,,,,,,,,,,3.5,-143,107,3.5,-134,-102,3.5,-125,-103,3.5,-138,104,3.5,-120,-115,3.5,-118,-115,,,,,,,,,,,,,,,,,,,,,,,,,,,,,,,,,,,,,,,,,,,,,,,,,,,,,,,,,,,,,,,,,,,,,,,,,,,,,,,,,,,,,,,,,,,,,,,,,,,,,,,,,,,,,,,,,,,,,,,,,,,,,,,,,,,,,,,,,,,,,,,,,,,,,,,,,,,,,,,,,,,,,,,,,,,,,,,,,,,,,,,,,,,,,,,,,2025-11-06,2025-11-06,mgm
Jalen Green,2914974,5230,Jalen,Green,PHX,LAC,https://content.rotowire.com/images/teamlogo/basketball/100PHX.png?v=7,/betting/nba/player/jalen-green-odds-5230,,,,,,,,,,,,,,,,,,,,,,,,,,,,,,,,,,,,,,,,,,,2.5,-110,-121,2.5,100,-134,2.5,103,-133,2.5,-108,-122,2.5,105,-150,2.5,110,-145,,,,,,,,,,,,,,,,,,,,,,,,,,,,,,,,,,,,,,,,,,,,,,,,,,,,,,,,,,,,,,,,,,,,,,,,,,,,,,,,,,,,,,,,,,,,,,,,,,,,,,,,,,,,,,,,,,,,,,,,,,,,,,,,,,,,,,,,,,,,,,,,,,,,,,,,,,,,,,,,,,,,,,,,,,,,,,,,,,,,,,,,,,,,,,,,,2025-11-06,2025-11-06,mgm
Royce O'Neale,2914974,3977,Royce,O'Neale,PHX,LAC,https://content.rotowire.com/images/teamlogo/basketball/100PHX.png?v=7,/betting/nba/player/royce-oneale-odds-3977,,,,,,,,,,,,,,,,,,,,,,,,,,,,,,,,,,,,,,,,,,,,,,2.5,100,-137,2.5,112,-146,2.5,100,-132,2.5,-115,-125,2.5,100,-130,,,,,,,,,,,,,,,,,,,,,,,,,,,,,,,,,,,,,,,,,,,,,,,,,,,,,,,,,,,,,,,,,,,,,,,,,,,,,,,,,,,,,,,,,,,,,,,,,,,,,,,,,,,,,,,,,,,,,,,,,,,,,,,,,,,,,,,,,,,,,,,,,,,,,,,,,,,,,,,,,,,,,,,,,,,,,,,,,,,,,,,,,,,,,,,,,2025-11-06,2025-11-06,mgm
Ivica Zubac,2914974,3888,Ivica,Zubac,LAC,@PHX,https://content.rotowire.com/images/teamlogo/basketball/100LAC.png?v=7,/betting/nba/player/ivica-zubac-odds-3888,,,,,,,,,,,,,,,,,,,,,,,,,,,,,,,,,,,,,,,,,,,2.5,-113,-118,2.5,-113,-121,2.5,-121,-107,2.5,-110,-120,2.5,100,-145,2.5,-110,-118,,,,,,,,,,,,,,,,,,,,,,,,,,,,,,,,,,,,,,,,,,,,,,,,,,,,,,,,,,,,,,,,,,,,,,,,,,,,,,,,,,,,,,,,,,,,,,,,,,,,,,,,,,,,,,,,,,,,,,,,,,,,,,,,,,,,,,,,,,,,,,,,,,,,,,,,,,,,,,,,,,,,,,,,,,,,,,,,,,,,,,,,,,,,,,,,,2025-11-06,2025-11-06,mgm
John Collins,2914974,4159,John,Collins,LAC,@PHX,https://content.rotowire.com/images/teamlogo/basketball/100LAC.png?v=7,/betting/nba/player/john-collins-odds-4159,,,,,,,,,,,,,,,,,,,,,,,,,,,,,,,,,,,,,,,,,,,,,,,,,,,,,,,,,,1.5,-110,-120,,,,,,,,,,,,,,,,,,,,,,,,,,,,,,,,,,,,,,,,,,,,,,,,,,,,,,,,,,,,,,,,,,,,,,,,,,,,,,,,,,,,,,,,,,,,,,,,,,,,,,,,,,,,,,,,,,,,,,,,,,,,,,,,,,,,,,,,,,,,,,,,,,,,,,,,,,,,,,,,,,,,,,,,,,,,,,,,,,,,,,,,,,,,,,,,,2025-11-06,2025-11-06,mgm
Ryan Dunn,2914974,6276,Ryan,Dunn,PHX,LAC,https://content.rotowire.com/images/teamlogo/basketball/100PHX.png?v=7,/betting/nba/player/ryan-dunn-odds-6276,,,,,,,,,,,,,,,,,,,,,,,,,,,,,,,,,,,,,,,,,,,,,,1.5,-162,120,,,,,,,,,,1.5,-175,130,,,,,,,,,,,,,,,,,,,,,,,,,,,,,,,,,,,,,,,,,,,,,,,,,,,,,,,,,,,,,,,,,,,,,,,,,,,,,,,,,,,,,,,,,,,,,,,,,,,,,,,,,,,,,,,,,,,,,,,,,,,,,,,,,,,,,,,,,,,,,,,,,,,,,,,,,,,,,,,,,,,,,,,,,,,,,,,,,,,,,,,,,,,,,,,,,2025-11-06,2025-11-06,mgm
Oso Ighodaro,2914974,6293,Oso,Ighodaro,PHX,LAC,https://content.rotowire.com/images/teamlogo/basketball/100PHX.png?v=7,/betting/nba/player/oso-ighodaro-odds-6293,,,,,,,,,,,,,,,,,,,,,,,,,,,,,,,,,,,,,,,,,,,,,,,,,,,,,,,,,,1.5,-210,155,,,,,,,,,,,,,,,,,,,,,,,,,,,,,,,,,,,,,,,,,,,,,,,,,,,,,,,,,,,,,,,,,,,,,,,,,,,,,,,,,,,,,,,,,,,,,,,,,,,,,,,,,,,,,,,,,,,,,,,,,,,,,,,,,,,,,,,,,,,,,,,,,,,,,,,,,,,,,,,,,,,,,,,,,,,,,,,,,,,,,,,,,,,,,,,,,2025-11-06,2025-11-06,mgm
Derrick Jones,2914974,4083,Derrick,Jones,LAC,@PHX,https://content.rotowire.com/images/teamlogo/basketball/100LAC.png?v=7,/betting/nba/player/derrick-jones-odds-4083,,,,,,,,,,,,,,,,,,,,,,,,,,,,,,,,,,,,,,,,,,,,,,,,,,,,,,,,,,1.5,-190,140,,,,,,,,,,,,,,,,,,,,,,,,,,,,,,,,,,,,,,,,,,,,,,,,,,,,,,,,,,,,,,,,,,,,,,,,,,,,,,,,,,,,,,,,,,,,,,,,,,,,,,,,,,,,,,,,,,,,,,,,,,,,,,,,,,,,,,,,,,,,,,,,,,,,,,,,,,,,,,,,,,,,,,,,,,,,,,,,,,,,,,,,,,,,,,,,,2025-11-06,2025-11-06,mgm
Mark Williams,2914974,5647,Mark,Williams,PHX,LAC,https://content.rotowire.com/images/teamlogo/basketball/100PHX.png?v=7,/betting/nba/player/mark-williams-odds-5647,,,,,,,,,,,,,,,,,,,,,,,,,,,,,,,,,,,,,,,,,,,,,,,,,,,,,,,,,,1.5,-118,-115,,,,,,,,,,,,,,,,,,,,,,,,,,,,,,,,,,,,,,,,,,,,,,,,,,,,,,,,,,,,,,,,,,,,,,,,,,,,,,,,,,,,,,,,,,,,,,,,,,,,,,,,,,,,,,,,,,,,,,,,,,,,,,,,,,,,,,,,,,,,,,,,,,,,,,,,,,,,,,,,,,,,,,,,,,,,,,,,,,,,,,,,,,,,,,,,,2025-11-06,2025-11-06,mgm
Brook Lopez,2914974,2918,Brook,Lopez,LAC,@PHX,https://content.rotowire.com/images/teamlogo/basketball/100LAC.png?v=7,/betting/nba/player/brook-lopez-odds-2918,,,,,,,,,,,,,,,,,,,,,,,,,,,,,,,,,,,,,,,,,,,,,,,,,,,,,,,,,,0.5,-118,-110,,,,,,,,,,,,,,,,,,,,,,,,,,,,,,,,,,,,,,,,,,,,,,,,,,,,,,,,,,,,,,,,,,,,,,,,,,,,,,,,,,,,,,,,,,,,,,,,,,,,,,,,,,,,,,,,,,,,,,,,,,,,,,,,,,,,,,,,,,,,,,,,,,,,,,,,,,,,,,,,,,,,,,,,,,,,,,,,,,,,,,,,,,,,,,,,,2025-11-06,2025-11-06,mgm
Grayson Allen,2914974,4454,Grayson,Allen,PHX,LAC,https://content.rotowire.com/images/teamlogo/basketball/100PHX.png?v=7,/betting/nba/player/grayson-allen-odds-4454,,,,,,,,,,,,,,,,,,,,,,,,,,,,,,,,,,,,,,,,,,,,,,,,,,,,,,,,,,,,,,,,3.5,-164,120,3.5,-158,122,3.5,-165,115,3.5,-160,120,,,,,,,,,,,,,,,,,,,,,,,,,,,,,,,,,,,,,,,,,,,,,,,,,,,,,,,,,,,,,,,,,,,,,,,,,,,,,,,,,,,,,,,,,,,,,,,,,,,,,,,,,,,,,,,,,,,,,,,,,,,,,,,,,,,,,,,,,,,,,,,,,,,,,,,,,,,,,,,,,,,,,,,,,,,,,,,,,,2025-11-06,2025-11-06,mgm
Devin Booker,2914974,3711,Devin,Booker,PHX,LAC,https://content.rotowire.com/images/teamlogo/basketball/100PHX.png?v=7,/betting/nba/player/devin-booker-odds-3711,,,,,,,,,,,,,,,,,,,,,,,,,,,,,,,,,,,,,,,,,,,,,,,,,,,,,,,,,,,,,,,,2.5,-170,125,2.5,-173,133,2.5,-175,125,2.5,-165,125,2.5,-178,132,2.5,-195,143,,,,,,,,,,,,,,,,,,,,,,,,,,,,,,,,,,,,,,,,,,,,,,,,,,,,,,,,,,,,,,,,,,,,,,,,,,,,,,,,,,,,,,,,,,,,,,,,,,,,,,,,,,,,,,,,,,,,,,,,,,,,,,,,,,,,,,,,,,,,,,,,,,,,,,,,,,,,,,,,,,,,,,,,,,,,2025-11-06,2025-11-06,mgm
Collin Gillespie,2914974,5732,Collin,Gillespie,PHX,LAC,https://content.rotowire.com/images/teamlogo/basketball/100PHX.png?v=7,/betting/nba/player/collin-gillespie-odds-5732,,,,,,,,,,,,,,,,,,,,,,,,,,,,,,,,,,,,,,,,,,,,,,,,,,,,,,,,,,,,,,,,2.5,-190,135,2.5,-193,148,2.5,-200,140,2.5,-190,145,2.5,-215,158,,,,,,,,,,,,,,,,,,,,,,,,,,,,,,,,,,,,,,,,,,,,,,,,,,,,,,,,,,,,,,,,,,,,,,,,,,,,,,,,,,,,,,,,,,,,,,,,,,,,,,,,,,,,,,,,,,,,,,,,,,,,,,,,,,,,,,,,,,,,,,,,,,,,,,,,,,,,,,,,,,,,,,,,,,,,,,,2025-11-06,2025-11-06,mgm
Royce O'Neale,2914974,3977,Royce,O'Neale,PHX,LAC,https://content.rotowire.com/images/teamlogo/basketball/100PHX.png?v=7,/betting/nba/player/royce-oneale-odds-3977,,,,,,,,,,,,,,,,,,,,,,,,,,,,,,,,,,,,,,,,,,,,,,,,,,,,,,,,,,,,,,,,2.5,-152,110,2.5,-148,114,2.5,-140,100,2.5,-135,100,2.5,-166,124,2.5,-157,118,,,,,,,,,,,,,,,,,,,,,,,,,,,,,,,,,,,,,,,,,,,,,,,,,,,,,,,,,,,,,,,,,,,,,,,,,,,,,,,,,,,,,,,,,,,,,,,,,,,,,,,,,,,,,,,,,,,,,,,,,,,,,,,,,,,,,,,,,,,,,,,,,,,,,,,,,,,,,,,,,,,,,,,,,,,,2025-11-06,2025-11-06,mgm
Bradley Beal,2914974,3303,Bradley,Beal,LAC,@PHX,https://content.rotowire.com/images/teamlogo/basketball/100LAC.png?v=7,/betting/nba/player/bradley-beal-odds-3303,,,,,,,,,,,,,,,,,,,,,,,,,,,,,,,,,,,,,,,,,,,,,,,,,,,,,,,,,,,,,,,,1.5,105,-143,1.5,106,-138,1.5,-105,-135,1.5,-105,-130,1.5,110,-146,1.5,116,-155,,,,,,,,,,,,,,,,,,,,,,,,,,,,,,,,,,,,,,,,,,,,,,,,,,,,,,,,,,,,,,,,,,,,,,,,,,,,,,,,,,,,,,,,,,,,,,,,,,,,,,,,,,,,,,,,,,,,,,,,,,,,,,,,,,,,,,,,,,,,,,,,,,,,,,,,,,,,,,,,,,,,,,,,,,,,2025-11-06,2025-11-06,mgm
Bogdan Bogdanovic,2914974,3593,Bogdan,Bogdanovic,LAC,@PHX,https://content.rotowire.com/images/teamlogo/basketball/100LAC.png?v=7,/betting/nba/player/bogdan-bogdanovic-odds-3593,,,,,,,,,,,,,,,,,,,,,,,,,,,,,,,,,,,,,,,,,,,,,,,,,,,,,,,,,,,,,,,,1.5,115,-162,1.5,123,-160,,,,,,,1.5,118,-158,,,,,,,,,,,,,,,,,,,,,,,,,,,,,,,,,,,,,,,,,,,,,,,,,,,,,,,,,,,,,,,,,,,,,,,,,,,,,,,,,,,,,,,,,,,,,,,,,,,,,,,,,,,,,,,,,,,,,,,,,,,,,,,,,,,,,,,,,,,,,,,,,,,,,,,,,,,,,,,,,,,,,,,,,,,,,,,2025-11-06,2025-11-06,mgm
John Collins,2914974,4159,John,Collins,LAC,@PHX,https://content.rotowire.com/images/teamlogo/basketball/100LAC.png?v=7,/betting/nba/player/john-collins-odds-4159,,,,,,,,,,,,,,,,,,,,,,,,,,,,,,,,,,,,,,,,,,,,,,,,,,,,,,,,,,,,,,,,1.5,-162,115,1.5,-147,113,1.5,-190,130,1.5,-185,135,1.5,-154,116,,,,,,,,,,,,,,,,,,,,,,,,,,,,,,,,,,,,,,,,,,,,,,,,,,,,,,,,,,,,,,,,,,,,,,,,,,,,,,,,,,,,,,,,,,,,,,,,,,,,,,,,,,,,,,,,,,,,,,,,,,,,,,,,,,,,,,,,,,,,,,,,,,,,,,,,,,,,,,,,,,,,,,,,,,,,,,,2025-11-06,2025-11-06,mgm
Kris Dunn,2914974,3854,Kris,Dunn,LAC,@PHX,https://content.rotowire.com/images/teamlogo/basketball/100LAC.png?v=7,/betting/nba/player/kris-dunn-odds-3854,,,,,,,,,,,,,,,,,,,,,,,,,,,,,,,,,,,,,,,,,,,,,,,,,,,,,,,,,,,,,,,,1.5,-170,120,1.5,-167,128,,,,,,,1.5,-168,126,1.5,-175,128,,,,,,,,,,,,,,,,,,,,,,,,,,,,,,,,,,,,,,,,,,,,,,,,,,,,,,,,,,,,,,,,,,,,,,,,,,,,,,,,,,,,,,,,,,,,,,,,,,,,,,,,,,,,,,,,,,,,,,,,,,,,,,,,,,,,,,,,,,,,,,,,,,,,,,,,,,,,,,,,,,,,,,,,,,,,2025-11-06,2025-11-06,mgm
Ryan Dunn,2914974,6276,Ryan,Dunn,PHX,LAC,https://content.rotowire.com/images/teamlogo/basketball/100PHX.png?v=7,/betting/nba/player/ryan-dunn-odds-6276,,,,,,,,,,,,,,,,,,,,,,,,,,,,,,,,,,,,,,,,,,,,,,,,,,,,,,,,,,,,,,,,1.5,-200,145,,,,1.5,-200,140,1.5,-200,145,,,,,,,,,,,,,,,,,,,,,,,,,,,,,,,,,,,,,,,,,,,,,,,,,,,,,,,,,,,,,,,,,,,,,,,,,,,,,,,,,,,,,,,,,,,,,,,,,,,,,,,,,,,,,,,,,,,,,,,,,,,,,,,,,,,,,,,,,,,,,,,,,,,,,,,,,,,,,,,,,,,,,,,,,,,,,,,,,,2025-11-06,2025-11-06,mgm
Jalen Green,2914974,5230,Jalen,Green,PHX,LAC,https://content.rotowire.com/images/teamlogo/basketball/100PHX.png?v=7,/betting/nba/player/jalen-green-odds-5230,,,,,,,,,,,,,,,,,,,,,,,,,,,,,,,,,,,,,,,,,,,,,,,,,,,,,,,,,,,,,,,,1.5,115,-157,1.5,118,-153,1.5,-110,-130,1.5,115,-155,1.5,130,-174,1.5,100,-134,,,,,,,,,,,,,,,,,,,,,,,,,,,,,,,,,,,,,,,,,,,,,,,,,,,,,,,,,,,,,,,,,,,,,,,,,,,,,,,,,,,,,,,,,,,,,,,,,,,,,,,,,,,,,,,,,,,,,,,,,,,,,,,,,,,,,,,,,,,,,,,,,,,,,,,,,,,,,,,,,,,,,,,,,,,,2025-11-06,2025-11-06,mgm
Derrick Jones,2914974,4083,Derrick,Jones,LAC,@PHX,https://content.rotowire.com/images/teamlogo/basketball/100LAC.png?v=7,/betting/nba/player/derrick-jones-odds-4083,,,,,,,,,,,,,,,,,,,,,,,,,,,,,,,,,,,,,,,,,,,,,,,,,,,,,,,,,,,,,,,,1.5,130,-176,1.5,131,-170,1.5,130,-185,1.5,130,-175,1.5,116,-154,,,,,,,,,,,,,,,,,,,,,,,,,,,,,,,,,,,,,,,,,,,,,,,,,,,,,,,,,,,,,,,,,,,,,,,,,,,,,,,,,,,,,,,,,,,,,,,,,,,,,,,,,,,,,,,,,,,,,,,,,,,,,,,,,,,,,,,,,,,,,,,,,,,,,,,,,,,,,,,,,,,,,,,,,,,,,,,2025-11-06,2025-11-06,mgm
Brook Lopez,2914974,2918,Brook,Lopez,LAC,@PHX,https://content.rotowire.com/images/teamlogo/basketball/100LAC.png?v=7,/betting/nba/player/brook-lopez-odds-2918,,,,,,,,,,,,,,,,,,,,,,,,,,,,,,,,,,,,,,,,,,,,,,,,,,,,,,,,,,,,,,,,1.5,-170,125,1.5,-165,127,1.5,-145,105,1.5,-145,105,1.5,-166,124,,,,,,,,,,,,,,,,,,,,,,,,,,,,,,,,,,,,,,,,,,,,,,,,,,,,,,,,,,,,,,,,,,,,,,,,,,,,,,,,,,,,,,,,,,,,,,,,,,,,,,,,,,,,,,,,,,,,,,,,,,,,,,,,,,,,,,,,,,,,,,,,,,,,,,,,,,,,,,,,,,,,,,,,,,,,,,,2025-11-06,2025-11-06,mgm
Chris Paul,2914974,2584,Chris,Paul,LAC,@PHX,https://content.rotowire.com/images/teamlogo/basketball/100LAC.png?v=7,/betting/nba/player/chris-paul-odds-2584,,,,,,,,,,,,,,,,,,,,,,,,,,,,,,,,,,,,,,,,,,,,,,,,,,,,,,,,,,,,,,,,1.5,-152,110,1.5,-145,112,,,,,,,1.5,-154,116,1.5,-152,115,,,,,,,,,,,,,,,,,,,,,,,,,,,,,,,,,,,,,,,,,,,,,,,,,,,,,,,,,,,,,,,,,,,,,,,,,,,,,,,,,,,,,,,,,,,,,,,,,,,,,,,,,,,,,,,,,,,,,,,,,,,,,,,,,,,,,,,,,,,,,,,,,,,,,,,,,,,,,,,,,,,,,,,,,,,,2025-11-06,2025-11-06,mgm
Ivica Zubac,2914974,3888,Ivica,Zubac,LAC,@PHX,https://content.rotowire.com/images/teamlogo/basketball/100LAC.png?v=7,/betting/nba/player/ivica-zubac-odds-3888,,,,,,,,,,,,,,,,,,,,,,,,,,,,,,,,,,,,,,,,,,,,,,,,,,,,,,,,,,,,,,,,,,,,,,,,,,,,,,,,,,,,,1.5,-245,178,0.5,,-190,0.5,135,-190,,,,,,,,,,,,,,,,,,,,,,,,,,,,,,,,,,,,,,,,,,,,,,,,,,,,,,,,,,,,,,,,,,,,,,,,,,,,,,,,,,,,,,,,,,,,,,,,,,,,,,,,,,,,,,,,,,,,,,,,,,,,,,,,,,,,,,,,,,,,,,,,,,,,,,,,,,,,,,,,2025-11-06,2025-11-06,mgm
Grayson Allen,2914974,4454,Grayson,Allen,PHX,LAC,https://content.rotowire.com/images/teamlogo/basketball/100PHX.png?v=7,/betting/nba/player/grayson-allen-odds-4454,,,,,,,,,,,,,,,,,,,,,,,,,,,,,,,,,,,,,,,,,,,,,,,,,,,,,,,,,,,,,,,,,,,,,,,,,,,,,,,,,,,,,,,,0.5,,260,0.5,-400,260,,,,,,,,,,,,,,,,,,,,,,,,,,,,,,,,,,,,,,,,,,,,,,,,,,,,,,,,,,,,,,,,,,,,,,,,,,,,,,,,,,,,,,,,,,,,,,,,,,,,,,,,,,,,,,,,,,,,,,,,,,,,,,,,,,,,,,,,,,,,,,,,,,,,,,,,,,,,,,,,2025-11-06,2025-11-06,mgm
Bradley Beal,2914974,3303,Bradley,Beal,LAC,@PHX,https://content.rotowire.com/images/teamlogo/basketball/100LAC.png?v=7,/betting/nba/player/bradley-beal-odds-3303,,,,,,,,,,,,,,,,,,,,,,,,,,,,,,,,,,,,,,,,,,,,,,,,,,,,,,,,,,,,,,,,,,,,,,,,,,,,,,,,,,,,,,,,0.5,,275,0.5,-450,275,,,,,,,,,,,,,,,,,,,,,,,,,,,,,,,,,,,,,,,,,,,,,,,,,,,,,,,,,,,,,,,,,,,,,,,,,,,,,,,,,,,,,,,,,,,,,,,,,,,,,,,,,,,,,,,,,,,,,,,,,,,,,,,,,,,,,,,,,,,,,,,,,,,,,,,,,,,,,,,,2025-11-06,2025-11-06,mgm
Devin Booker,2914974,3711,Devin,Booker,PHX,LAC,https://content.rotowire.com/images/teamlogo/basketball/100PHX.png?v=7,/betting/nba/player/devin-booker-odds-3711,,,,,,,,,,,,,,,,,,,,,,,,,,,,,,,,,,,,,,,,,,,,,,,,,,,,,,,,,,,,,,,,,,,,,,,,,,,,,,,,,,,,,,,,0.5,,325,0.5,-525,320,,,,,,,,,,,,,,,,,,,,,,,,,,,,,,,,,,,,,,,,,,,,,,,,,,,,,,,,,,,,,,,,,,,,,,,,,,,,,,,,,,,,,,,,,,,,,,,,,,,,,,,,,,,,,,,,,,,,,,,,,,,,,,,,,,,,,,,,,,,,,,,,,,,,,,,,,,,,,,,,2025-11-06,2025-11-06,mgm
John Collins,2914974,4159,John,Collins,LAC,@PHX,https://content.rotowire.com/images/teamlogo/basketball/100LAC.png?v=7,/betting/nba/player/john-collins-odds-4159,,,,,,,,,,,,,,,,,,,,,,,,,,,,,,,,,,,,,,,,,,,,,,,,,,,,,,,,,,,,,,,,,,,,,,,,,,,,,,,,,,,,,,,,0.5,,105,,,,,,,,,,,,,,,,,,,,,,,,,,,,,,,,,,,,,,,,,,,,,,,,,,,,,,,,,,,,,,,,,,,,,,,,,,,,,,,,,,,,,,,,,,,,,,,,,,,,,,,,,,,,,,,,,,,,,,,,,,,,,,,,,,,,,,,,,,,,,,,,,,,,,,,,,,,,,,,,,,,2025-11-06,2025-11-06,mgm
Ryan Dunn,2914974,6276,Ryan,Dunn,PHX,LAC,https://content.rotowire.com/images/teamlogo/basketball/100PHX.png?v=7,/betting/nba/player/ryan-dunn-odds-6276,,,,,,,,,,,,,,,,,,,,,,,,,,,,,,,,,,,,,,,,,,,,,,,,,,,,,,,,,,,,,,,,,,,,,,,,,,,,,,,,,,,,,,,,0.5,,-110,0.5,-125,-110,,,,,,,,,,,,,,,,,,,,,,,,,,,,,,,,,,,,,,,,,,,,,,,,,,,,,,,,,,,,,,,,,,,,,,,,,,,,,,,,,,,,,,,,,,,,,,,,,,,,,,,,,,,,,,,,,,,,,,,,,,,,,,,,,,,,,,,,,,,,,,,,,,,,,,,,,,,,,,,,2025-11-06,2025-11-06,mgm
Collin Gillespie,2914974,5732,Collin,Gillespie,PHX,LAC,https://content.rotowire.com/images/teamlogo/basketball/100PHX.png?v=7,/betting/nba/player/collin-gillespie-odds-5732,,,,,,,,,,,,,,,,,,,,,,,,,,,,,,,,,,,,,,,,,,,,,,,,,,,,,,,,,,,,,,,,,,,,,,,,,,,,,,,,,,,,,,,,0.5,,140,,,,,,,,,,,,,,,,,,,,,,,,,,,,,,,,,,,,,,,,,,,,,,,,,,,,,,,,,,,,,,,,,,,,,,,,,,,,,,,,,,,,,,,,,,,,,,,,,,,,,,,,,,,,,,,,,,,,,,,,,,,,,,,,,,,,,,,,,,,,,,,,,,,,,,,,,,,,,,,,,,,2025-11-06,2025-11-06,mgm
Jalen Green,2914974,5230,Jalen,Green,PHX,LAC,https://content.rotowire.com/images/teamlogo/basketball/100PHX.png?v=7,/betting/nba/player/jalen-green-odds-5230,,,,,,,,,,,,,,,,,,,,,,,,,,,,,,,,,,,,,,,,,,,,,,,,,,,,,,,,,,,,,,,,,,,,,,,,,,,,,,,,,,,,,,,,0.5,,400,0.5,-700,400,,,,,,,,,,,,,,,,,,,,,,,,,,,,,,,,,,,,,,,,,,,,,,,,,,,,,,,,,,,,,,,,,,,,,,,,,,,,,,,,,,,,,,,,,,,,,,,,,,,,,,,,,,,,,,,,,,,,,,,,,,,,,,,,,,,,,,,,,,,,,,,,,,,,,,,,,,,,,,,,2025-11-06,2025-11-06,mgm
Oso Ighodaro,2914974,6293,Oso,Ighodaro,PHX,LAC,https://content.rotowire.com/images/teamlogo/basketball/100PHX.png?v=7,/betting/nba/player/oso-ighodaro-odds-6293,,,,,,,,,,,,,,,,,,,,,,,,,,,,,,,,,,,,,,,,,,,,,,,,,,,,,,,,,,,,,,,,,,,,,,,,,,,,,,,,,,,,,,,,0.5,,140,,,,,,,,,,,,,,,,,,,,,,,,,,,,,,,,,,,,,,,,,,,,,,,,,,,,,,,,,,,,,,,,,,,,,,,,,,,,,,,,,,,,,,,,,,,,,,,,,,,,,,,,,,,,,,,,,,,,,,,,,,,,,,,,,,,,,,,,,,,,,,,,,,,,,,,,,,,,,,,,,,,2025-11-06,2025-11-06,mgm
Derrick Jones,2914974,4083,Derrick,Jones,LAC,@PHX,https://content.rotowire.com/images/teamlogo/basketball/100LAC.png?v=7,/betting/nba/player/derrick-jones-odds-4083,,,,,,,,,,,,,,,,,,,,,,,,,,,,,,,,,,,,,,,,,,,,,,,,,,,,,,,,,,,,,,,,,,,,,,,,,,,,,,,,,,,,,,,,0.5,,-125,0.5,-110,-125,,,,,,,,,,,,,,,,,,,,,,,,,,,,,,,,,,,,,,,,,,,,,,,,,,,,,,,,,,,,,,,,,,,,,,,,,,,,,,,,,,,,,,,,,,,,,,,,,,,,,,,,,,,,,,,,,,,,,,,,,,,,,,,,,,,,,,,,,,,,,,,,,,,,,,,,,,,,,,,,2025-11-06,2025-11-06,mgm
Brook Lopez,2914974,2918,Brook,Lopez,LAC,@PHX,https://content.rotowire.com/images/teamlogo/basketball/100LAC.png?v=7,/betting/nba/player/brook-lopez-odds-2918,,,,,,,,,,,,,,,,,,,,,,,,,,,,,,,,,,,,,,,,,,,,,,,,,,,,,,,,,,,,,,,,,,,,,,,,,,,,,,,,,,,,,,,,0.5,,-120,,,,,,,,,,,,,,,,,,,,,,,,,,,,,,,,,,,,,,,,,,,,,,,,,,,,,,,,,,,,,,,,,,,,,,,,,,,,,,,,,,,,,,,,,,,,,,,,,,,,,,,,,,,,,,,,,,,,,,,,,,,,,,,,,,,,,,,,,,,,,,,,,,,,,,,,,,,,,,,,,,,2025-11-06,2025-11-06,mgm
Royce O'Neale,2914974,3977,Royce,O'Neale,PHX,LAC,https://content.rotowire.com/images/teamlogo/basketball/100PHX.png?v=7,/betting/nba/player/royce-oneale-odds-3977,,,,,,,,,,,,,,,,,,,,,,,,,,,,,,,,,,,,,,,,,,,,,,,,,,,,,,,,,,,,,,,,,,,,,,,,,,,,,,,,,,,,,,,,0.5,,260,,,,,,,,,,,,,,,,,,,,,,,,,,,,,,,,,,,,,,,,,,,,,,,,,,,,,,,,,,,,,,,,,,,,,,,,,,,,,,,,,,,,,,,,,,,,,,,,,,,,,,,,,,,,,,,,,,,,,,,,,,,,,,,,,,,,,,,,,,,,,,,,,,,,,,,,,,,,,,,,,,,2025-11-06,2025-11-06,mgm
Mark Williams,2914974,5647,Mark,Williams,PHX,LAC,https://content.rotowire.com/images/teamlogo/basketball/100PHX.png?v=7,/betting/nba/player/mark-williams-odds-5647,,,,,,,,,,,,,,,,,,,,,,,,,,,,,,,,,,,,,,,,,,,,,,,,,,,,,,,,,,,,,,,,,,,,,,,,,,,,,,,,,,,,,,,,0.5,,-240,0.5,165,-235,,,,,,,,,,,,,,,,,,,,,,,,,,,,,,,,,,,,,,,,,,,,,,,,,,,,,,,,,,,,,,,,,,,,,,,,,,,,,,,,,,,,,,,,,,,,,,,,,,,,,,,,,,,,,,,,,,,,,,,,,,,,,,,,,,,,,,,,,,,,,,,,,,,,,,,,,,,,,,,,2025-11-06,2025-11-06,mgm
Grayson Allen,2914974,4454,Grayson,Allen,PHX,LAC,https://content.rotowire.com/images/teamlogo/basketball/100PHX.png?v=7,/betting/nba/player/grayson-allen-odds-4454,,,,,,,,,,,,,,,,,,,,,,,,,,,,,,,,,,,,,,,,,,,,,,,,,,,,,,,,,,,,,,,,,,,,,,,,,,,,,,,,,,,,,,,,,,,,,,,,,,,,,,,,,,1.5,,160,,,,,,,,,,,,,,,,,,,,,,,,,,,,,,,,,,,,,,,,,,,,,,,,,,,,,,,,,,,,,,,,,,,,,,,,,,,,,,,,,,,,,,,,,,,,,,,,,,,,,,,,,,,,,,,,,,,,,,,,,,,,,,,,,,,,,,,,,,,,,,,,,2025-11-06,2025-11-06,mgm
Kris Dunn,2914974,3854,Kris,Dunn,LAC,@PHX,https://content.rotowire.com/images/teamlogo/basketball/100LAC.png?v=7,/betting/nba/player/kris-dunn-odds-3854,,,,,,,,,,,,,,,,,,,,,,,,,,,,,,,,,,,,,,,,,,,,,,,,,,,,,,,,,,,,,,,,,,,,,,,,,,,,,,,,,,,,,,,,,,,,,,,,,,,,,,,,,,,,,,,,,,,1.5,-132,100,,,,,,,,,,,,,,,,,,,,,,,,,,,,,,,,,,,,,,,,,,,,,,,,,,,,,,,,,,,,,,,,,,,,,,,,,,,,,,,,,,,,,,,,,,,,,,,,,,,,,,,,,,,,,,,,,,,,,,,,,,,,,,,,,,,,,,,,2025-11-06,2025-11-06,mgm
Ryan Dunn,2914974,6276,Ryan,Dunn,PHX,LAC,https://content.rotowire.com/images/teamlogo/basketball/100PHX.png?v=7,/betting/nba/player/ryan-dunn-odds-6276,,,,,,,,,,,,,,,,,,,,,,,,,,,,,,,,,,,,,,,,,,,,,,,,,,,,,,,,,,,,,,,,,,,,,,,,,,,,,,,,,,,,,,,,,,,,,,,,,,,,,,,,,,1.5,,140,,,,,,,,,,,,,,,,,,,,,,,,,,,,,,,,,,,,,,,,,,,,,,,,,,,,,,,,,,,,,,,,,,,,,,,,,,,,,,,,,,,,,,,,,,,,,,,,,,,,,,,,,,,,,,,,,,,,,,,,,,,,,,,,,,,,,,,,,,,,,,,,,2025-11-06,2025-11-06,mgm
Bradley Beal,2914974,3303,Bradley,Beal,LAC,@PHX,https://content.rotowire.com/images/teamlogo/basketball/100LAC.png?v=7,/betting/nba/player/bradley-beal-odds-3303,,,,,,,,,,,,,,,,,,,,,,,,,,,,,,,,,,,,,,,,,,,,,,,,,,,,,,,,,,,,,,,,,,,,,,,,,,,,,,,,,,,,,,,,,,,,,,,,,,,,,,,,,,0.5,,-135,,,,,,,,,,,,,,,,,,,,,,,,,,,,,,,,,,,,,,,,,,,,,,,,,,,,,,,,,,,,,,,,,,,,,,,,,,,,,,,,,,,,,,,,,,,,,,,,,,,,,,,,,,,,,,,,,,,,,,,,,,,,,,,,,,,,,,,,,,,,,,,,,2025-11-06,2025-11-06,mgm
Devin Booker,2914974,3711,Devin,Booker,PHX,LAC,https://content.rotowire.com/images/teamlogo/basketball/100PHX.png?v=7,/betting/nba/player/devin-booker-odds-3711,,,,,,,,,,,,,,,,,,,,,,,,,,,,,,,,,,,,,,,,,,,,,,,,,,,,,,,,,,,,,,,,,,,,,,,,,,,,,,,,,,,,,,,,,,,,,,,,,,,,,,,,,,0.5,,-185,,,,,,,,,,,,,,,,,,,,,,,,,,,,,,,,,,,,,,,,,,,,,,,,,,,,,,,,,,,,,,,,,,,,,,,,,,,,,,,,,,,,,,,,,,,,,,,,,,,,,,,,,,,,,,,,,,,,,,,,,,,,,,,,,,,,,,,,,,,,,,,,,2025-11-06,2025-11-06,mgm
John Collins,2914974,4159,John,Collins,LAC,@PHX,https://content.rotowire.com/images/teamlogo/basketball/100LAC.png?v=7,/betting/nba/player/john-collins-odds-4159,,,,,,,,,,,,,,,,,,,,,,,,,,,,,,,,,,,,,,,,,,,,,,,,,,,,,,,,,,,,,,,,,,,,,,,,,,,,,,,,,,,,,,,,,,,,,,,,,,,,,,,,,,0.5,,-180,,,,,,,,,,,,,,,,,,,,,,,,,,,,,,,,,,,,,,,,,,,,,,,,,,,,,,,,,,,,,,,,,,,,,,,,,,,,,,,,,,,,,,,,,,,,,,,,,,,,,,,,,,,,,,,,,,,,,,,,,,,,,,,,,,,,,,,,,,,,,,,,,2025-11-06,2025-11-06,mgm
Collin Gillespie,2914974,5732,Collin,Gillespie,PHX,LAC,https://content.rotowire.com/images/teamlogo/basketball/100PHX.png?v=7,/betting/nba/player/collin-gillespie-odds-5732,,,,,,,,,,,,,,,,,,,,,,,,,,,,,,,,,,,,,,,,,,,,,,,,,,,,,,,,,,,,,,,,,,,,,,,,,,,,,,,,,,,,,,,,,,,,,,,,,,,,,,,,,,0.5,,-225,,,,,,,,,,,,,,,,,,,,,,,,,,,,,,,,,,,,,,,,,,,,,,,,,,,,,,,,,,,,,,,,,,,,,,,,,,,,,,,,,,,,,,,,,,,,,,,,,,,,,,,,,,,,,,,,,,,,,,,,,,,,,,,,,,,,,,,,,,,,,,,,,2025-11-06,2025-11-06,mgm
Jalen Green,2914974,5230,Jalen,Green,PHX,LAC,https://content.rotowire.com/images/teamlogo/basketball/100PHX.png?v=7,/betting/nba/player/jalen-green-odds-5230,,,,,,,,,,,,,,,,,,,,,,,,,,,,,,,,,,,,,,,,,,,,,,,,,,,,,,,,,,,,,,,,,,,,,,,,,,,,,,,,,,,,,,,,,,,,,,,,,,,,,,,,,,0.5,,-140,,,,,,,,,,,,,,,,,,,,,,,,,,,,,,,,,,,,,,,,,,,,,,,,,,,,,,,,,,,,,,,,,,,,,,,,,,,,,,,,,,,,,,,,,,,,,,,,,,,,,,,,,,,,,,,,,,,,,,,,,,,,,,,,,,,,,,,,,,,,,,,,,2025-11-06,2025-11-06,mgm
Oso Ighodaro,2914974,6293,Oso,Ighodaro,PHX,LAC,https://content.rotowire.com/images/teamlogo/basketball/100PHX.png?v=7,/betting/nba/player/oso-ighodaro-odds-6293,,,,,,,,,,,,,,,,,,,,,,,,,,,,,,,,,,,,,,,,,,,,,,,,,,,,,,,,,,,,,,,,,,,,,,,,,,,,,,,,,,,,,,,,,,,,,,,,,,,,,,,,,,0.5,,145,,,,,,,,,,,,,,,,,,,,,,,,,,,,,,,,,,,,,,,,,,,,,,,,,,,,,,,,,,,,,,,,,,,,,,,,,,,,,,,,,,,,,,,,,,,,,,,,,,,,,,,,,,,,,,,,,,,,,,,,,,,,,,,,,,,,,,,,,,,,,,,,,2025-11-06,2025-11-06,mgm
Derrick Jones,2914974,4083,Derrick,Jones,LAC,@PHX,https://content.rotowire.com/images/teamlogo/basketball/100LAC.png?v=7,/betting/nba/player/derrick-jones-odds-4083,,,,,,,,,,,,,,,,,,,,,,,,,,,,,,,,,,,,,,,,,,,,,,,,,,,,,,,,,,,,,,,,,,,,,,,,,,,,,,,,,,,,,,,,,,,,,,,,,,,,,,,,,,0.5,,-175,,,,,,,,,,,,,,,,,,,,,,,,,,,,,,,,,,,,,,,,,,,,,,,,,,,,,,,,,,,,,,,,,,,,,,,,,,,,,,,,,,,,,,,,,,,,,,,,,,,,,,,,,,,,,,,,,,,,,,,,,,,,,,,,,,,,,,,,,,,,,,,,,2025-11-06,2025-11-06,mgm
Brook Lopez,2914974,2918,Brook,Lopez,LAC,@PHX,https://content.rotowire.com/images/teamlogo/basketball/100LAC.png?v=7,/betting/nba/player/brook-lopez-odds-2918,,,,,,,,,,,,,,,,,,,,,,,,,,,,,,,,,,,,,,,,,,,,,,,,,,,,,,,,,,,,,,,,,,,,,,,,,,,,,,,,,,,,,,,,,,,,,,,,,,,,,,,,,,0.5,,155,,,,,,,,,,,,,,,,,,,,,,,,,,,,,,,,,,,,,,,,,,,,,,,,,,,,,,,,,,,,,,,,,,,,,,,,,,,,,,,,,,,,,,,,,,,,,,,,,,,,,,,,,,,,,,,,,,,,,,,,,,,,,,,,,,,,,,,,,,,,,,,,,2025-11-06,2025-11-06,mgm
Royce O'Neale,2914974,3977,Royce,O'Neale,PHX,LAC,https://content.rotowire.com/images/teamlogo/basketball/100PHX.png?v=7,/betting/nba/player/royce-oneale-odds-3977,,,,,,,,,,,,,,,,,,,,,,,,,,,,,,,,,,,,,,,,,,,,,,,,,,,,,,,,,,,,,,,,,,,,,,,,,,,,,,,,,,,,,,,,,,,,,,,,,,,,,,,,,,0.5,,-240,,,,,,,,,,,,,,,,,,,,,,,,,,,,,,,,,,,,,,,,,,,,,,,,,,,,,,,,,,,,,,,,,,,,,,,,,,,,,,,,,,,,,,,,,,,,,,,,,,,,,,,,,,,,,,,,,,,,,,,,,,,,,,,,,,,,,,,,,,,,,,,,,2025-11-06,2025-11-06,mgm
Mark Williams,2914974,5647,Mark,Williams,PHX,LAC,https://content.rotowire.com/images/teamlogo/basketball/100PHX.png?v=7,/betting/nba/player/mark-williams-odds-5647,,,,,,,,,,,,,,,,,,,,,,,,,,,,,,,,,,,,,,,,,,,,,,,,,,,,,,,,,,,,,,,,,,,,,,,,,,,,,,,,,,,,,,,,,,,,,,,,,,,,,,,,,,0.5,,-195,,,,,,,,,,,,,,,,,,,,,,,,,,,,,,,,,,,,,,,,,,,,,,,,,,,,,,,,,,,,,,,,,,,,,,,,,,,,,,,,,,,,,,,,,,,,,,,,,,,,,,,,,,,,,,,,,,,,,,,,,,,,,,,,,,,,,,,,,,,,,,,,,2025-11-06,2025-11-06,mgm
Ivica Zubac,2914974,3888,Ivica,Zubac,LAC,@PHX,https://content.rotowire.com/images/teamlogo/basketball/100LAC.png?v=7,/betting/nba/player/ivica-zubac-odds-3888,,,,,,,,,,,,,,,,,,,,,,,,,,,,,,,,,,,,,,,,,,,,,,,,,,,,,,,,,,,,,,,,,,,,,,,,,,,,,,,,,,,,,,,,,,,,,,,,,,,,,,,,,,0.5,,-135,,,,,,,,,,,,,,,,,,,,,,,,,,,,,,,,,,,,,,,,,,,,,,,,,,,,,,,,,,,,,,,,,,,,,,,,,,,,,,,,,,,,,,,,,,,,,,,,,,,,,,,,,,,,,,,,,,,,,,,,,,,,,,,,,,,,,,,,,,,,,,,,,2025-11-06,2025-11-06,mgm
Devin Booker,2914974,3711,Devin,Booker,PHX,LAC,https://content.rotowire.com/images/teamlogo/basketball/100PHX.png?v=7,/betting/nba/player/devin-booker-odds-3711,,,,,,,,,,,,,,,,,,,,,,,,,,,,,,,,,,,,,,,,,,,,,,,,,,,,,,,,,,,,,,,,,,,,,,,,,,,,,,,,,,,,,,,,,,,,,,,,,,,,,,,,,,,,,,,,,,,,,,,,,,,,,,,3.5,,-115,,,,,,,,,,,,,,,,,,,,,,,,,,,,,,,,,,,,,,,,,,,,,,,,,,,,,,,,,,,,,,,,,,,,,,,,,,,,,,,,,,,,,,,,,,,,,,,,,,,,,,,,,,,,,,,,,,,,,,,,,,,,2025-11-06,2025-11-06,mgm
John Collins,2914974,4159,John,Collins,LAC,@PHX,https://content.rotowire.com/images/teamlogo/basketball/100LAC.png?v=7,/betting/nba/player/john-collins-odds-4159,,,,,,,,,,,,,,,,,,,,,,,,,,,,,,,,,,,,,,,,,,,,,,,,,,,,,,,,,,,,,,,,,,,,,,,,,,,,,,,,,,,,,,,,,,,,,,,,,,,,,,,,,,,,,,,,,,,,,,,,,,,,,,,2.5,,120,,,,,,,,,,,,,,,,,,,,,,,,,,,,,,,,,,,,,,,,,,,,,,,,,,,,,,,,,,,,,,,,,,,,,,,,,,,,,,,,,,,,,,,,,,,,,,,,,,,,,,,,,,,,,,,,,,,,,,,,,,,,2025-11-06,2025-11-06,mgm
Grayson Allen,2914974,4454,Grayson,Allen,PHX,LAC,https://content.rotowire.com/images/teamlogo/basketball/100PHX.png?v=7,/betting/nba/player/grayson-allen-odds-4454,,,,,,,,,,,,,,,,,,,,,,,,,,,,,,,,,,,,,,,,,,,,,,,,,,,,,,,,,,,,,,,,,,,,,,,,,,,,,,,,,,,,,,,,,,,,,,,,,,,,,,,,,,,,,,,,,,,,,,,,,,,,,,,1.5,,-155,,,,,,,,,,,,,,,,,,,,,,,,,,,,,,,,,,,,,,,,,,,,,,,,,,,,,,,,,,,,,,,,,,,,,,,,,,,,,,,,,,,,,,,,,,,,,,,,,,,,,,,,,,,,,,,,,,,,,,,,,,,,2025-11-06,2025-11-06,mgm
Bradley Beal,2914974,3303,Bradley,Beal,LAC,@PHX,https://content.rotowire.com/images/teamlogo/basketball/100LAC.png?v=7,/betting/nba/player/bradley-beal-odds-3303,,,,,,,,,,,,,,,,,,,,,,,,,,,,,,,,,,,,,,,,,,,,,,,,,,,,,,,,,,,,,,,,,,,,,,,,,,,,,,,,,,,,,,,,,,,,,,,,,,,,,,,,,,,,,,,,,,,,,,,,,,,,,,,1.5,,-140,,,,,,,,,,,,,,,,,,,,,,,,,,,,,,,,,,,,,,,,,,,,,,,,,,,,,,,,,,,,,,,,,,,,,,,,,,,,,,,,,,,,,,,,,,,,,,,,,,,,,,,,,,,,,,,,,,,,,,,,,,,,2025-11-06,2025-11-06,mgm
Jalen Green,2914974,5230,Jalen,Green,PHX,LAC,https://content.rotowire.com/images/teamlogo/basketball/100PHX.png?v=7,/betting/nba/player/jalen-green-odds-5230,,,,,,,,,,,,,,,,,,,,,,,,,,,,,,,,,,,,,,,,,,,,,,,,,,,,,,,,,,,,,,,,,,,,,,,,,,,,,,,,,,,,,,,,,,,,,,,,,,,,,,,,,,,,,,,,,,,,,,,,,,,,,,,1.5,,115,,,,,,,,,,,,,,,,,,,,,,,,,,,,,,,,,,,,,,,,,,,,,,,,,,,,,,,,,,,,,,,,,,,,,,,,,,,,,,,,,,,,,,,,,,,,,,,,,,,,,,,,,,,,,,,,,,,,,,,,,,,,2025-11-06,2025-11-06,mgm
Derrick Jones,2914974,4083,Derrick,Jones,LAC,@PHX,https://content.rotowire.com/images/teamlogo/basketball/100LAC.png?v=7,/betting/nba/player/derrick-jones-odds-4083,,,,,,,,,,,,,,,,,,,,,,,,,,,,,,,,,,,,,,,,,,,,,,,,,,,,,,,,,,,,,,,,,,,,,,,,,,,,,,,,,,,,,,,,,,,,,,,,,,,,,,,,,,,,,,,,,,,,,,,,,,,,,,,1.5,,180,,,,,,,,,,,,,,,,,,,,,,,,,,,,,,,,,,,,,,,,,,,,,,,,,,,,,,,,,,,,,,,,,,,,,,,,,,,,,,,,,,,,,,,,,,,,,,,,,,,,,,,,,,,,,,,,,,,,,,,,,,,,2025-11-06,2025-11-06,mgm
Royce O'Neale,2914974,3977,Royce,O'Neale,PHX,LAC,https://content.rotowire.com/images/teamlogo/basketball/100PHX.png?v=7,/betting/nba/player/royce-oneale-odds-3977,,,,,,,,,,,,,,,,,,,,,,,,,,,,,,,,,,,,,,,,,,,,,,,,,,,,,,,,,,,,,,,,,,,,,,,,,,,,,,,,,,,,,,,,,,,,,,,,,,,,,,,,,,,,,,,,,,,,,,,,,,,,,,,1.5,,180,,,,,,,,,,,,,,,,,,,,,,,,,,,,,,,,,,,,,,,,,,,,,,,,,,,,,,,,,,,,,,,,,,,,,,,,,,,,,,,,,,,,,,,,,,,,,,,,,,,,,,,,,,,,,,,,,,,,,,,,,,,,2025-11-06,2025-11-06,mgm
Mark Williams,2914974,5647,Mark,Williams,PHX,LAC,https://content.rotowire.com/images/teamlogo/basketball/100PHX.png?v=7,/betting/nba/player/mark-williams-odds-5647,,,,,,,,,,,,,,,,,,,,,,,,,,,,,,,,,,,,,,,,,,,,,,,,,,,,,,,,,,,,,,,,,,,,,,,,,,,,,,,,,,,,,,,,,,,,,,,,,,,,,,,,,,,,,,,,,,,,,,,,,,,,,,,1.5,,120,,,,,,,,,,,,,,,,,,,,,,,,,,,,,,,,,,,,,,,,,,,,,,,,,,,,,,,,,,,,,,,,,,,,,,,,,,,,,,,,,,,,,,,,,,,,,,,,,,,,,,,,,,,,,,,,,,,,,,,,,,,,2025-11-06,2025-11-06,mgm
Ivica Zubac,2914974,3888,Ivica,Zubac,LAC,@PHX,https://content.rotowire.com/images/teamlogo/basketball/100LAC.png?v=7,/betting/nba/player/ivica-zubac-odds-3888,,,,,,,,,,,,,,,,,,,,,,,,,,,,,,,,,,,,,,,,,,,,,,,,,,,,,,,,,,,,,,,,,,,,,,,,,,,,,,,,,,,,,,,,,,,,,,,,,,,,,,,,,,,,,,,,,,,,,,,,,,,,,,,1.5,,-190,,,,,,,,,,,,,,,,,,,,,,,,,,,,,,,,,,,,,,,,,,,,,,,,,,,,,,,,,,,,,,,,,,,,,,,,,,,,,,,,,,,,,,,,,,,,,,,,,,,,,,,,,,,,,,,,,,,,,,,,,,,,2025-11-06,2025-11-06,mgm
Ryan Dunn,2914974,6276,Ryan,Dunn,PHX,LAC,https://content.rotowire.com/images/teamlogo/basketball/100PHX.png?v=7,/betting/nba/player/ryan-dunn-odds-6276,,,,,,,,,,,,,,,,,,,,,,,,,,,,,,,,,,,,,,,,,,,,,,,,,,,,,,,,,,,,,,,,,,,,,,,,,,,,,,,,,,,,,,,,,,,,,,,,,,,,,,,,,,,,,,,,,,,,,,,,,,,,,,,0.5,,-125,,,,,,,,,,,,,,,,,,,,,,,,,,,,,,,,,,,,,,,,,,,,,,,,,,,,,,,,,,,,,,,,,,,,,,,,,,,,,,,,,,,,,,,,,,,,,,,,,,,,,,,,,,,,,,,,,,,,,,,,,,,,2025-11-06,2025-11-06,mgm
Collin Gillespie,2914974,5732,Collin,Gillespie,PHX,LAC,https://content.rotowire.com/images/teamlogo/basketball/100PHX.png?v=7,/betting/nba/player/collin-gillespie-odds-5732,,,,,,,,,,,,,,,,,,,,,,,,,,,,,,,,,,,,,,,,,,,,,,,,,,,,,,,,,,,,,,,,,,,,,,,,,,,,,,,,,,,,,,,,,,,,,,,,,,,,,,,,,,,,,,,,,,,,,,,,,,,,,,,0.5,,-250,,,,,,,,,,,,,,,,,,,,,,,,,,,,,,,,,,,,,,,,,,,,,,,,,,,,,,,,,,,,,,,,,,,,,,,,,,,,,,,,,,,,,,,,,,,,,,,,,,,,,,,,,,,,,,,,,,,,,,,,,,,,2025-11-06,2025-11-06,mgm
Oso Ighodaro,2914974,6293,Oso,Ighodaro,PHX,LAC,https://content.rotowire.com/images/teamlogo/basketball/100PHX.png?v=7,/betting/nba/player/oso-ighodaro-odds-6293,,,,,,,,,,,,,,,,,,,,,,,,,,,,,,,,,,,,,,,,,,,,,,,,,,,,,,,,,,,,,,,,,,,,,,,,,,,,,,,,,,,,,,,,,,,,,,,,,,,,,,,,,,,,,,,,,,,,,,,,,,,,,,,0.5,,-190,,,,,,,,,,,,,,,,,,,,,,,,,,,,,,,,,,,,,,,,,,,,,,,,,,,,,,,,,,,,,,,,,,,,,,,,,,,,,,,,,,,,,,,,,,,,,,,,,,,,,,,,,,,,,,,,,,,,,,,,,,,,2025-11-06,2025-11-06,mgm
Brook Lopez,2914974,2918,Brook,Lopez,LAC,@PHX,https://content.rotowire.com/images/teamlogo/basketball/100LAC.png?v=7,/betting/nba/player/brook-lopez-odds-2918,,,,,,,,,,,,,,,,,,,,,,,,,,,,,,,,,,,,,,,,,,,,,,,,,,,,,,,,,,,,,,,,,,,,,,,,,,,,,,,,,,,,,,,,,,,,,,,,,,,,,,,,,,,,,,,,,,,,,,,,,,,,,,,0.5,,-200,,,,,,,,,,,,,,,,,,,,,,,,,,,,,,,,,,,,,,,,,,,,,,,,,,,,,,,,,,,,,,,,,,,,,,,,,,,,,,,,,,,,,,,,,,,,,,,,,,,,,,,,,,,,,,,,,,,,,,,,,,,,2025-11-06,2025-11-06,mgm
Devin Booker,2914974,3711,Devin,Booker,PHX,LAC,https://content.rotowire.com/images/teamlogo/basketball/100PHX.png?v=7,/betting/nba/player/devin-booker-odds-3711,,,,,,,,,,,,,,,,,,,,,,,,,,,,,,,,,,,,,,,,,,,,,,,,,,,,,,,,,,,,,,,,,,,,,,,,,,,,,,,,,,,,,,,,,,,,,,,,,,,,,,,,,,,,,,,,,,,,,,,,,,,,,,,,,,,,,,,,,,,,,,,,,,,,41.5,102,-103,39.5,-113,-120,39.5,-116,-112,39.5,-108,-122,39.5,-115,-115,39.5,-115,-115,,,,,,,,,,,,,,,,,,,,,,,,,,,,,,,,,,,,,,,,,,,,,,,,,,,,,,,,,,,,,,,,,,,,,,,,,,,,,,,,,,,,,,,,2025-11-06,2025-11-06,mgm
Ivica Zubac,2914974,3888,Ivica,Zubac,LAC,@PHX,https://content.rotowire.com/images/teamlogo/basketball/100LAC.png?v=7,/betting/nba/player/ivica-zubac-odds-3888,,,,,,,,,,,,,,,,,,,,,,,,,,,,,,,,,,,,,,,,,,,,,,,,,,,,,,,,,,,,,,,,,,,,,,,,,,,,,,,,,,,,,,,,,,,,,,,,,,,,,,,,,,,,,,,,,,,,,,,,,,,,,,,,,,,,,,,,,,,,,,,,,,,,32.5,104,-103,31.5,-118,-114,30.5,-107,-121,31.5,-120,-110,31.5,-110,-120,31.5,-125,-105,,,,,,,,,,,,,,,,,,,,,,,,,,,,,,,,,,,,,,,,,,,,,,,,,,,,,,,,,,,,,,,,,,,,,,,,,,,,,,,,,,,,,,,,2025-11-06,2025-11-06,mgm
John Collins,2914974,4159,John,Collins,LAC,@PHX,https://content.rotowire.com/images/teamlogo/basketball/100LAC.png?v=7,/betting/nba/player/john-collins-odds-4159,,,,,,,,,,,,,,,,,,,,,,,,,,,,,,,,,,,,,,,,,,,,,,,,,,,,,,,,,,,,,,,,,,,,,,,,,,,,,,,,,,,,,,,,,,,,,,,,,,,,,,,,,,,,,,,,,,,,,,,,,,,,,,,,,,,,,,,,,,,,,,,,,,,,,,,25.5,-107,-127,,,,,,,25.5,-105,-125,25.5,-105,-125,,,,,,,,,,,,,,,,,,,,,,,,,,,,,,,,,,,,,,,,,,,,,,,,,,,,,,,,,,,,,,,,,,,,,,,,,,,,,,,,,,,,,,,,2025-11-06,2025-11-06,mgm
Mark Williams,2914974,5647,Mark,Williams,PHX,LAC,https://content.rotowire.com/images/teamlogo/basketball/100PHX.png?v=7,/betting/nba/player/mark-williams-odds-5647,,,,,,,,,,,,,,,,,,,,,,,,,,,,,,,,,,,,,,,,,,,,,,,,,,,,,,,,,,,,,,,,,,,,,,,,,,,,,,,,,,,,,,,,,,,,,,,,,,,,,,,,,,,,,,,,,,,,,,,,,,,,,,,,,,,,,,,,,,,,,,,,,,,,,,,24.5,-113,-120,,,,,,,24.5,-110,-120,24.5,-110,-120,,,,,,,,,,,,,,,,,,,,,,,,,,,,,,,,,,,,,,,,,,,,,,,,,,,,,,,,,,,,,,,,,,,,,,,,,,,,,,,,,,,,,,,,2025-11-06,2025-11-06,mgm
Grayson Allen,2914974,4454,Grayson,Allen,PHX,LAC,https://content.rotowire.com/images/teamlogo/basketball/100PHX.png?v=7,/betting/nba/player/grayson-allen-odds-4454,,,,,,,,,,,,,,,,,,,,,,,,,,,,,,,,,,,,,,,,,,,,,,,,,,,,,,,,,,,,,,,,,,,,,,,,,,,,,,,,,,,,,,,,,,,,,,,,,,,,,,,,,,,,,,,,,,,,,,,,,,,,,,,,,,,,,,,,,,,,,,,,,,,,23.5,104,-104,22.5,-114,-118,22.5,-107,-122,22.5,-114,-114,23.5,-115,-115,23.5,-130,-105,,,,,,,,,,,,,,,,,,,,,,,,,,,,,,,,,,,,,,,,,,,,,,,,,,,,,,,,,,,,,,,,,,,,,,,,,,,,,,,,,,,,,,,,2025-11-06,2025-11-06,mgm
Bradley Beal,2914974,3303,Bradley,Beal,LAC,@PHX,https://content.rotowire.com/images/teamlogo/basketball/100LAC.png?v=7,/betting/nba/player/bradley-beal-odds-3303,,,,,,,,,,,,,,,,,,,,,,,,,,,,,,,,,,,,,,,,,,,,,,,,,,,,,,,,,,,,,,,,,,,,,,,,,,,,,,,,,,,,,,,,,,,,,,,,,,,,,,,,,,,,,,,,,,,,,,,,,,,,,,,,,,,,,,,,,,,,,,,,,,,,,,,20.5,-121,-112,,,,,,,19.5,-105,-130,19.5,-105,-130,,,,,,,,,,,,,,,,,,,,,,,,,,,,,,,,,,,,,,,,,,,,,,,,,,,,,,,,,,,,,,,,,,,,,,,,,,,,,,,,,,,,,,,,2025-11-06,2025-11-06,mgm
Jalen Green,2914974,5230,Jalen,Green,PHX,LAC,https://content.rotowire.com/images/teamlogo/basketball/100PHX.png?v=7,/betting/nba/player/jalen-green-odds-5230,,,,,,,,,,,,,,,,,,,,,,,,,,,,,,,,,,,,,,,,,,,,,,,,,,,,,,,,,,,,,,,,,,,,,,,,,,,,,,,,,,,,,,,,,,,,,,,,,,,,,,,,,,,,,,,,,,,,,,,,,,,,,,,,,,,,,,,,,,,,,,,,,,,,19.5,110,104,18.5,-110,-122,18.5,-105,-123,18.5,-102,-130,18.5,-110,-120,18.5,-125,-110,,,,,,,,,,,,,,,,,,,,,,,,,,,,,,,,,,,,,,,,,,,,,,,,,,,,,,,,,,,,,,,,,,,,,,,,,,,,,,,,,,,,,,,,2025-11-06,2025-11-06,mgm
Royce O'Neale,2914974,3977,Royce,O'Neale,PHX,LAC,https://content.rotowire.com/images/teamlogo/basketball/100PHX.png?v=7,/betting/nba/player/royce-oneale-odds-3977,,,,,,,,,,,,,,,,,,,,,,,,,,,,,,,,,,,,,,,,,,,,,,,,,,,,,,,,,,,,,,,,,,,,,,,,,,,,,,,,,,,,,,,,,,,,,,,,,,,,,,,,,,,,,,,,,,,,,,,,,,,,,,,,,,,,,,,,,,,,,,,,,,,,,,,17.5,-121,-112,17.5,-115,-113,17.5,-132,100,,,,16.5,100,-135,,,,,,,,,,,,,,,,,,,,,,,,,,,,,,,,,,,,,,,,,,,,,,,,,,,,,,,,,,,,,,,,,,,,,,,,,,,,,,,,,,,,,,,,2025-11-06,2025-11-06,mgm
Collin Gillespie,2914974,5732,Collin,Gillespie,PHX,LAC,https://content.rotowire.com/images/teamlogo/basketball/100PHX.png?v=7,/betting/nba/player/collin-gillespie-odds-5732,,,,,,,,,,,,,,,,,,,,,,,,,,,,,,,,,,,,,,,,,,,,,,,,,,,,,,,,,,,,,,,,,,,,,,,,,,,,,,,,,,,,,,,,,,,,,,,,,,,,,,,,,,,,,,,,,,,,,,,,,,,,,,,,,,,,,,,,,,,,,,,,,,,,,,,,,,,,,,,,,,,16.5,105,-140,,,,,,,,,,,,,,,,,,,,,,,,,,,,,,,,,,,,,,,,,,,,,,,,,,,,,,,,,,,,,,,,,,,,,,,,,,,,,,,,,,,,,,,,2025-11-06,2025-11-06,mgm
Derrick Jones,2914974,4083,Derrick,Jones,LAC,@PHX,https://content.rotowire.com/images/teamlogo/basketball/100LAC.png?v=7,/betting/nba/player/derrick-jones-odds-4083,,,,,,,,,,,,,,,,,,,,,,,,,,,,,,,,,,,,,,,,,,,,,,,,,,,,,,,,,,,,,,,,,,,,,,,,,,,,,,,,,,,,,,,,,,,,,,,,,,,,,,,,,,,,,,,,,,,,,,,,,,,,,,,,,,,,,,,,,,,,,,,,,,,,,,,,,,,,,,,,,,,16.5,-118,-110,,,,,,,,,,,,,,,,,,,,,,,,,,,,,,,,,,,,,,,,,,,,,,,,,,,,,,,,,,,,,,,,,,,,,,,,,,,,,,,,,,,,,,,,2025-11-06,2025-11-06,mgm
Ryan Dunn,2914974,6276,Ryan,Dunn,PHX,LAC,https://content.rotowire.com/images/teamlogo/basketball/100PHX.png?v=7,/betting/nba/player/ryan-dunn-odds-6276,,,,,,,,,,,,,,,,,,,,,,,,,,,,,,,,,,,,,,,,,,,,,,,,,,,,,,,,,,,,,,,,,,,,,,,,,,,,,,,,,,,,,,,,,,,,,,,,,,,,,,,,,,,,,,,,,,,,,,,,,,,,,,,,,,,,,,,,,,,,,,,,,,,,,,,15.5,-118,-114,15.5,-116,-111,15.5,-114,-114,,,,14.5,-105,-125,,,,,,,,,,,,,,,,,,,,,,,,,,,,,,,,,,,,,,,,,,,,,,,,,,,,,,,,,,,,,,,,,,,,,,,,,,,,,,,,,,,,,,,,2025-11-06,2025-11-06,mgm
Brook Lopez,2914974,2918,Brook,Lopez,LAC,@PHX,https://content.rotowire.com/images/teamlogo/basketball/100LAC.png?v=7,/betting/nba/player/brook-lopez-odds-2918,,,,,,,,,,,,,,,,,,,,,,,,,,,,,,,,,,,,,,,,,,,,,,,,,,,,,,,,,,,,,,,,,,,,,,,,,,,,,,,,,,,,,,,,,,,,,,,,,,,,,,,,,,,,,,,,,,,,,,,,,,,,,,,,,,,,,,,,,,,,,,,,,,,,,,,,,,,,,,,,,,,11.5,-140,105,,,,,,,,,,,,,,,,,,,,,,,,,,,,,,,,,,,,,,,,,,,,,,,,,,,,,,,,,,,,,,,,,,,,,,,,,,,,,,,,,,,,,,,,2025-11-06,2025-11-06,mgm
Oso Ighodaro,2914974,6293,Oso,Ighodaro,PHX,LAC,https://content.rotowire.com/images/teamlogo/basketball/100PHX.png?v=7,/betting/nba/player/oso-ighodaro-odds-6293,,,,,,,,,,,,,,,,,,,,,,,,,,,,,,,,,,,,,,,,,,,,,,,,,,,,,,,,,,,,,,,,,,,,,,,,,,,,,,,,,,,,,,,,,,,,,,,,,,,,,,,,,,,,,,,,,,,,,,,,,,,,,,,,,,,,,,,,,,,,,,,,,,,,,,,,,,,,,,,,,,,8.5,105,-140,,,,,,,,,,,,,,,,,,,,,,,,,,,,,,,,,,,,,,,,,,,,,,,,,,,,,,,,,,,,,,,,,,,,,,,,,,,,,,,,,,,,,,,,2025-11-06,2025-11-06,mgm
Devin Booker,2914974,3711,Devin,Booker,PHX,LAC,https://content.rotowire.com/images/teamlogo/basketball/100PHX.png?v=7,/betting/nba/player/devin-booker-odds-3711,,,,,,,,,,,,,,,,,,,,,,,,,,,,,,,,,,,,,,,,,,,,,,,,,,,,,,,,,,,,,,,,,,,,,,,,,,,,,,,,,,,,,,,,,,,,,,,,,,,,,,,,,,,,,,,,,,,,,,,,,,,,,,,,,,,,,,,,,,,,,,,,,,,,,,,,,,,,,,,,,,,,,,,,,32.5,,-109,31.5,-112,-121,31.5,-111,-117,31.5,-110,-120,31.5,-110,-130,31.5,-105,-125,,,,,,,,,,,,,,,,,,,,,,,,,,,,,,,,,,,,,,,,,,,,,,,,,,,,,,,,,,,,,,,,,,,2025-11-06,2025-11-06,mgm
Ivica Zubac,2914974,3888,Ivica,Zubac,LAC,@PHX,https://content.rotowire.com/images/teamlogo/basketball/100LAC.png?v=7,/betting/nba/player/ivica-zubac-odds-3888,,,,,,,,,,,,,,,,,,,,,,,,,,,,,,,,,,,,,,,,,,,,,,,,,,,,,,,,,,,,,,,,,,,,,,,,,,,,,,,,,,,,,,,,,,,,,,,,,,,,,,,,,,,,,,,,,,,,,,,,,,,,,,,,,,,,,,,,,,,,,,,,,,,,,,,,,,,,,,,,,,,,,,,,,28.5,,-121,28.5,-113,-120,28.5,-118,-110,28.5,-114,-114,28.5,-110,-125,28.5,-110,-120,,,,,,,,,,,,,,,,,,,,,,,,,,,,,,,,,,,,,,,,,,,,,,,,,,,,,,,,,,,,,,,,,,,2025-11-06,2025-11-06,mgm
John Collins,2914974,4159,John,Collins,LAC,@PHX,https://content.rotowire.com/images/teamlogo/basketball/100LAC.png?v=7,/betting/nba/player/john-collins-odds-4159,,,,,,,,,,,,,,,,,,,,,,,,,,,,,,,,,,,,,,,,,,,,,,,,,,,,,,,,,,,,,,,,,,,,,,,,,,,,,,,,,,,,,,,,,,,,,,,,,,,,,,,,,,,,,,,,,,,,,,,,,,,,,,,,,,,,,,,,,,,,,,,,,,,,,,,,,,,,,,,,,,,,,,,,,,,,24.5,-118,-114,23.5,-103,-126,24.5,-118,-112,24.5,-130,-110,,,,,,,,,,,,,,,,,,,,,,,,,,,,,,,,,,,,,,,,,,,,,,,,,,,,,,,,,,,,,,,,,,,,,,2025-11-06,2025-11-06,mgm
Mark Williams,2914974,5647,Mark,Williams,PHX,LAC,https://content.rotowire.com/images/teamlogo/basketball/100PHX.png?v=7,/betting/nba/player/mark-williams-odds-5647,,,,,,,,,,,,,,,,,,,,,,,,,,,,,,,,,,,,,,,,,,,,,,,,,,,,,,,,,,,,,,,,,,,,,,,,,,,,,,,,,,,,,,,,,,,,,,,,,,,,,,,,,,,,,,,,,,,,,,,,,,,,,,,,,,,,,,,,,,,,,,,,,,,,,,,,,,,,,,,,,,,,,,,,,22.5,,-124,23.5,-129,-105,23.5,-116,-111,22.5,-114,-114,23.5,-130,-110,23.5,-125,-105,,,,,,,,,,,,,,,,,,,,,,,,,,,,,,,,,,,,,,,,,,,,,,,,,,,,,,,,,,,,,,,,,,,2025-11-06,2025-11-06,mgm
Grayson Allen,2914974,4454,Grayson,Allen,PHX,LAC,https://content.rotowire.com/images/teamlogo/basketball/100PHX.png?v=7,/betting/nba/player/grayson-allen-odds-4454,,,,,,,,,,,,,,,,,,,,,,,,,,,,,,,,,,,,,,,,,,,,,,,,,,,,,,,,,,,,,,,,,,,,,,,,,,,,,,,,,,,,,,,,,,,,,,,,,,,,,,,,,,,,,,,,,,,,,,,,,,,,,,,,,,,,,,,,,,,,,,,,,,,,,,,,,,,,,,,,,,,,,,,,,18.5,,-114,18.5,-113,-120,18.5,-107,-121,18.5,-118,-112,19.5,-120,-115,19.5,-118,-115,,,,,,,,,,,,,,,,,,,,,,,,,,,,,,,,,,,,,,,,,,,,,,,,,,,,,,,,,,,,,,,,,,,2025-11-06,2025-11-06,mgm
Bradley Beal,2914974,3303,Bradley,Beal,LAC,@PHX,https://content.rotowire.com/images/teamlogo/basketball/100LAC.png?v=7,/betting/nba/player/bradley-beal-odds-3303,,,,,,,,,,,,,,,,,,,,,,,,,,,,,,,,,,,,,,,,,,,,,,,,,,,,,,,,,,,,,,,,,,,,,,,,,,,,,,,,,,,,,,,,,,,,,,,,,,,,,,,,,,,,,,,,,,,,,,,,,,,,,,,,,,,,,,,,,,,,,,,,,,,,,,,,,,,,,,,,,,,,,,,,,,,,,,,,,,,,,16.5,-130,-110,16.5,-125,-105,,,,,,,,,,,,,,,,,,,,,,,,,,,,,,,,,,,,,,,,,,,,,,,,,,,,,,,,,,,,,,,,,,,2025-11-06,2025-11-06,mgm
Jalen Green,2914974,5230,Jalen,Green,PHX,LAC,https://content.rotowire.com/images/teamlogo/basketball/100PHX.png?v=7,/betting/nba/player/jalen-green-odds-5230,,,,,,,,,,,,,,,,,,,,,,,,,,,,,,,,,,,,,,,,,,,,,,,,,,,,,,,,,,,,,,,,,,,,,,,,,,,,,,,,,,,,,,,,,,,,,,,,,,,,,,,,,,,,,,,,,,,,,,,,,,,,,,,,,,,,,,,,,,,,,,,,,,,,,,,,,,,,,,,,,,,,,,,,,15.5,,-122,16.5,-130,-105,16.5,-127,-102,16.5,-130,-102,15.5,-110,-130,15.5,-105,-125,,,,,,,,,,,,,,,,,,,,,,,,,,,,,,,,,,,,,,,,,,,,,,,,,,,,,,,,,,,,,,,,,,,2025-11-06,2025-11-06,mgm
Derrick Jones,2914974,4083,Derrick,Jones,LAC,@PHX,https://content.rotowire.com/images/teamlogo/basketball/100LAC.png?v=7,/betting/nba/player/derrick-jones-odds-4083,,,,,,,,,,,,,,,,,,,,,,,,,,,,,,,,,,,,,,,,,,,,,,,,,,,,,,,,,,,,,,,,,,,,,,,,,,,,,,,,,,,,,,,,,,,,,,,,,,,,,,,,,,,,,,,,,,,,,,,,,,,,,,,,,,,,,,,,,,,,,,,,,,,,,,,,,,,,,,,,,,,,,,,,,,,,15.5,-117,-117,15.5,-111,-117,15.5,-112,-118,14.5,-105,-135,14.5,100,-130,,,,,,,,,,,,,,,,,,,,,,,,,,,,,,,,,,,,,,,,,,,,,,,,,,,,,,,,,,,,,,,,,,,2025-11-06,2025-11-06,mgm
Royce O'Neale,2914974,3977,Royce,O'Neale,PHX,LAC,https://content.rotowire.com/images/teamlogo/basketball/100PHX.png?v=7,/betting/nba/player/royce-oneale-odds-3977,,,,,,,,,,,,,,,,,,,,,,,,,,,,,,,,,,,,,,,,,,,,,,,,,,,,,,,,,,,,,,,,,,,,,,,,,,,,,,,,,,,,,,,,,,,,,,,,,,,,,,,,,,,,,,,,,,,,,,,,,,,,,,,,,,,,,,,,,,,,,,,,,,,,,,,,,,,,,,,,,,,,,,,,,14.5,,-114,14.5,-120,-113,14.5,-115,-112,14.5,-128,-104,13.5,-115,-125,,,,,,,,,,,,,,,,,,,,,,,,,,,,,,,,,,,,,,,,,,,,,,,,,,,,,,,,,,,,,,,,,,,,,,2025-11-06,2025-11-06,mgm
Ryan Dunn,2914974,6276,Ryan,Dunn,PHX,LAC,https://content.rotowire.com/images/teamlogo/basketball/100PHX.png?v=7,/betting/nba/player/ryan-dunn-odds-6276,,,,,,,,,,,,,,,,,,,,,,,,,,,,,,,,,,,,,,,,,,,,,,,,,,,,,,,,,,,,,,,,,,,,,,,,,,,,,,,,,,,,,,,,,,,,,,,,,,,,,,,,,,,,,,,,,,,,,,,,,,,,,,,,,,,,,,,,,,,,,,,,,,,,,,,,,,,,,,,,,,,,,,,,,,,,13.5,-112,-121,13.5,-103,-126,13.5,-102,-130,13.5,-120,-120,13.5,-115,-115,,,,,,,,,,,,,,,,,,,,,,,,,,,,,,,,,,,,,,,,,,,,,,,,,,,,,,,,,,,,,,,,,,,2025-11-06,2025-11-06,mgm
Kris Dunn,2914974,3854,Kris,Dunn,LAC,@PHX,https://content.rotowire.com/images/teamlogo/basketball/100LAC.png?v=7,/betting/nba/player/kris-dunn-odds-3854,,,,,,,,,,,,,,,,,,,,,,,,,,,,,,,,,,,,,,,,,,,,,,,,,,,,,,,,,,,,,,,,,,,,,,,,,,,,,,,,,,,,,,,,,,,,,,,,,,,,,,,,,,,,,,,,,,,,,,,,,,,,,,,,,,,,,,,,,,,,,,,,,,,,,,,,,,,,,,,,,,,,,,,,,12.5,,-109,11.5,-105,-129,11.5,-108,-120,12.5,-130,-102,,,,,,,,,,,,,,,,,,,,,,,,,,,,,,,,,,,,,,,,,,,,,,,,,,,,,,,,,,,,,,,,,,,,,,,,,2025-11-06,2025-11-06,mgm
Collin Gillespie,2914974,5732,Collin,Gillespie,PHX,LAC,https://content.rotowire.com/images/teamlogo/basketball/100PHX.png?v=7,/betting/nba/player/collin-gillespie-odds-5732,,,,,,,,,,,,,,,,,,,,,,,,,,,,,,,,,,,,,,,,,,,,,,,,,,,,,,,,,,,,,,,,,,,,,,,,,,,,,,,,,,,,,,,,,,,,,,,,,,,,,,,,,,,,,,,,,,,,,,,,,,,,,,,,,,,,,,,,,,,,,,,,,,,,,,,,,,,,,,,,,,,,,,,,,,,,,,,,,,,,,12.5,-115,-120,,,,,,,,,,,,,,,,,,,,,,,,,,,,,,,,,,,,,,,,,,,,,,,,,,,,,,,,,,,,,,,,,,,,,,2025-11-06,2025-11-06,mgm
Brook Lopez,2914974,2918,Brook,Lopez,LAC,@PHX,https://content.rotowire.com/images/teamlogo/basketball/100LAC.png?v=7,/betting/nba/player/brook-lopez-odds-2918,,,,,,,,,,,,,,,,,,,,,,,,,,,,,,,,,,,,,,,,,,,,,,,,,,,,,,,,,,,,,,,,,,,,,,,,,,,,,,,,,,,,,,,,,,,,,,,,,,,,,,,,,,,,,,,,,,,,,,,,,,,,,,,,,,,,,,,,,,,,,,,,,,,,,,,,,,,,,,,,,,,,,,,,,,,,10.5,-132,-102,10.5,-119,-109,9.5,-112,-118,,,,,,,,,,,,,,,,,,,,,,,,,,,,,,,,,,,,,,,,,,,,,,,,,,,,,,,,,,,,,,,,,,,,,,,,,2025-11-06,2025-11-06,mgm
Devin Booker,2914974,3711,Devin,Booker,PHX,LAC,https://content.rotowire.com/images/teamlogo/basketball/100PHX.png?v=7,/betting/nba/player/devin-booker-odds-3711,,,,,,,,,,,,,,,,,,,,,,,,,,,,,,,,,,,,,,,,,,,,,,,,,,,,,,,,,,,,,,,,,,,,,,,,,,,,,,,,,,,,,,,,,,,,,,,,,,,,,,,,,,,,,,,,,,,,,,,,,,,,,,,,,,,,,,,,,,,,,,,,,,,,,,,,,,,,,,,,,,,,,,,,,,,,,,,,,,,,,,,,,,,,,,36.5,,-121,35.5,-112,-121,35.5,-109,-119,36.5,-125,-106,35.5,-110,-120,35.5,-110,-120,,,,,,,,,,,,,,,,,,,,,,,,,,,,,,,,,,,,,,,,,,,,,,2025-11-06,2025-11-06,mgm
Ivica Zubac,2914974,3888,Ivica,Zubac,LAC,@PHX,https://content.rotowire.com/images/teamlogo/basketball/100LAC.png?v=7,/betting/nba/player/ivica-zubac-odds-3888,,,,,,,,,,,,,,,,,,,,,,,,,,,,,,,,,,,,,,,,,,,,,,,,,,,,,,,,,,,,,,,,,,,,,,,,,,,,,,,,,,,,,,,,,,,,,,,,,,,,,,,,,,,,,,,,,,,,,,,,,,,,,,,,,,,,,,,,,,,,,,,,,,,,,,,,,,,,,,,,,,,,,,,,,,,,,,,,,,,,,,,,,,,,,,20.5,,-109,20.5,-132,-103,19.5,-118,-110,20.5,-130,-102,20.5,-120,-110,20.5,-120,-110,,,,,,,,,,,,,,,,,,,,,,,,,,,,,,,,,,,,,,,,,,,,,,2025-11-06,2025-11-06,mgm
Grayson Allen,2914974,4454,Grayson,Allen,PHX,LAC,https://content.rotowire.com/images/teamlogo/basketball/100PHX.png?v=7,/betting/nba/player/grayson-allen-odds-4454,,,,,,,,,,,,,,,,,,,,,,,,,,,,,,,,,,,,,,,,,,,,,,,,,,,,,,,,,,,,,,,,,,,,,,,,,,,,,,,,,,,,,,,,,,,,,,,,,,,,,,,,,,,,,,,,,,,,,,,,,,,,,,,,,,,,,,,,,,,,,,,,,,,,,,,,,,,,,,,,,,,,,,,,,,,,,,,,,,,,,,,,,,,,,,19.5,,-109,19.5,-122,-110,19.5,-118,-110,18.5,100,-132,19.5,-105,-125,19.5,-120,-110,,,,,,,,,,,,,,,,,,,,,,,,,,,,,,,,,,,,,,,,,,,,,,2025-11-06,2025-11-06,mgm
John Collins,2914974,4159,John,Collins,LAC,@PHX,https://content.rotowire.com/images/teamlogo/basketball/100LAC.png?v=7,/betting/nba/player/john-collins-odds-4159,,,,,,,,,,,,,,,,,,,,,,,,,,,,,,,,,,,,,,,,,,,,,,,,,,,,,,,,,,,,,,,,,,,,,,,,,,,,,,,,,,,,,,,,,,,,,,,,,,,,,,,,,,,,,,,,,,,,,,,,,,,,,,,,,,,,,,,,,,,,,,,,,,,,,,,,,,,,,,,,,,,,,,,,,,,,,,,,,,,,,,,,,,,,,,,,,,,,,,,,,,19.5,-130,100,,,,,,,,,,,,,,,,,,,,,,,,,,,,,,,,,,,,,,,,,,,,,,,,,2025-11-06,2025-11-06,mgm
Bradley Beal,2914974,3303,Bradley,Beal,LAC,@PHX,https://content.rotowire.com/images/teamlogo/basketball/100LAC.png?v=7,/betting/nba/player/bradley-beal-odds-3303,,,,,,,,,,,,,,,,,,,,,,,,,,,,,,,,,,,,,,,,,,,,,,,,,,,,,,,,,,,,,,,,,,,,,,,,,,,,,,,,,,,,,,,,,,,,,,,,,,,,,,,,,,,,,,,,,,,,,,,,,,,,,,,,,,,,,,,,,,,,,,,,,,,,,,,,,,,,,,,,,,,,,,,,,,,,,,,,,,,,,,,,,,,,,,18.5,,-106,18.5,-125,-108,18.5,-125,-104,18.5,-122,-108,18.5,-130,100,18.5,-135,100,,,,,,,,,,,,,,,,,,,,,,,,,,,,,,,,,,,,,,,,,,,,,,2025-11-06,2025-11-06,mgm
Jalen Green,2914974,5230,Jalen,Green,PHX,LAC,https://content.rotowire.com/images/teamlogo/basketball/100PHX.png?v=7,/betting/nba/player/jalen-green-odds-5230,,,,,,,,,,,,,,,,,,,,,,,,,,,,,,,,,,,,,,,,,,,,,,,,,,,,,,,,,,,,,,,,,,,,,,,,,,,,,,,,,,,,,,,,,,,,,,,,,,,,,,,,,,,,,,,,,,,,,,,,,,,,,,,,,,,,,,,,,,,,,,,,,,,,,,,,,,,,,,,,,,,,,,,,,,,,,,,,,,,,,,,,,,,,,,15.5,,-112,15.5,-110,-122,15.5,-107,-121,15.5,-106,-125,15.5,-110,-115,15.5,-110,-118,,,,,,,,,,,,,,,,,,,,,,,,,,,,,,,,,,,,,,,,,,,,,,2025-11-06,2025-11-06,mgm
Mark Williams,2914974,5647,Mark,Williams,PHX,LAC,https://content.rotowire.com/images/teamlogo/basketball/100PHX.png?v=7,/betting/nba/player/mark-williams-odds-5647,,,,,,,,,,,,,,,,,,,,,,,,,,,,,,,,,,,,,,,,,,,,,,,,,,,,,,,,,,,,,,,,,,,,,,,,,,,,,,,,,,,,,,,,,,,,,,,,,,,,,,,,,,,,,,,,,,,,,,,,,,,,,,,,,,,,,,,,,,,,,,,,,,,,,,,,,,,,,,,,,,,,,,,,,,,,,,,,,,,,,,,,,,,,,,,,,15.5,-122,-110,,,,,,,15.5,-120,-110,15.5,-120,-110,,,,,,,,,,,,,,,,,,,,,,,,,,,,,,,,,,,,,,,,,,,,,,2025-11-06,2025-11-06,mgm
Collin Gillespie,2914974,5732,Collin,Gillespie,PHX,LAC,https://content.rotowire.com/images/teamlogo/basketball/100PHX.png?v=7,/betting/nba/player/collin-gillespie-odds-5732,,,,,,,,,,,,,,,,,,,,,,,,,,,,,,,,,,,,,,,,,,,,,,,,,,,,,,,,,,,,,,,,,,,,,,,,,,,,,,,,,,,,,,,,,,,,,,,,,,,,,,,,,,,,,,,,,,,,,,,,,,,,,,,,,,,,,,,,,,,,,,,,,,,,,,,,,,,,,,,,,,,,,,,,,,,,,,,,,,,,,,,,,,,,,,,,,13.5,-120,-113,13.5,-121,-107,13.5,-125,-106,,,,,,,,,,,,,,,,,,,,,,,,,,,,,,,,,,,,,,,,,,,,,,,,,,,,2025-11-06,2025-11-06,mgm
Chris Paul,2914974,2584,Chris,Paul,LAC,@PHX,https://content.rotowire.com/images/teamlogo/basketball/100LAC.png?v=7,/betting/nba/player/chris-paul-odds-2584,,,,,,,,,,,,,,,,,,,,,,,,,,,,,,,,,,,,,,,,,,,,,,,,,,,,,,,,,,,,,,,,,,,,,,,,,,,,,,,,,,,,,,,,,,,,,,,,,,,,,,,,,,,,,,,,,,,,,,,,,,,,,,,,,,,,,,,,,,,,,,,,,,,,,,,,,,,,,,,,,,,,,,,,,,,,,,,,,,,,,,,,,,,,,,12.5,,-122,13.5,-122,-110,13.5,-114,-114,13.5,-122,-106,,,,,,,,,,,,,,,,,,,,,,,,,,,,,,,,,,,,,,,,,,,,,,,,,,,,2025-11-06,2025-11-06,mgm
Derrick Jones,2914974,4083,Derrick,Jones,LAC,@PHX,https://content.rotowire.com/images/teamlogo/basketball/100LAC.png?v=7,/betting/nba/player/derrick-jones-odds-4083,,,,,,,,,,,,,,,,,,,,,,,,,,,,,,,,,,,,,,,,,,,,,,,,,,,,,,,,,,,,,,,,,,,,,,,,,,,,,,,,,,,,,,,,,,,,,,,,,,,,,,,,,,,,,,,,,,,,,,,,,,,,,,,,,,,,,,,,,,,,,,,,,,,,,,,,,,,,,,,,,,,,,,,,,,,,,,,,,,,,,,,,,,,,,,,,,,,,,,,,,,,,,12.5,-110,-120,,,,,,,,,,,,,,,,,,,,,,,,,,,,,,,,,,,,,,,,,,,,,,2025-11-06,2025-11-06,mgm
Royce O'Neale,2914974,3977,Royce,O'Neale,PHX,LAC,https://content.rotowire.com/images/teamlogo/basketball/100PHX.png?v=7,/betting/nba/player/royce-oneale-odds-3977,,,,,,,,,,,,,,,,,,,,,,,,,,,,,,,,,,,,,,,,,,,,,,,,,,,,,,,,,,,,,,,,,,,,,,,,,,,,,,,,,,,,,,,,,,,,,,,,,,,,,,,,,,,,,,,,,,,,,,,,,,,,,,,,,,,,,,,,,,,,,,,,,,,,,,,,,,,,,,,,,,,,,,,,,,,,,,,,,,,,,,,,,,,,,,,,,12.5,-122,-110,12.5,-114,-114,12.5,-132,100,,,,,,,,,,,,,,,,,,,,,,,,,,,,,,,,,,,,,,,,,,,,,,,,,,,,2025-11-06,2025-11-06,mgm
Ryan Dunn,2914974,6276,Ryan,Dunn,PHX,LAC,https://content.rotowire.com/images/teamlogo/basketball/100PHX.png?v=7,/betting/nba/player/ryan-dunn-odds-6276,,,,,,,,,,,,,,,,,,,,,,,,,,,,,,,,,,,,,,,,,,,,,,,,,,,,,,,,,,,,,,,,,,,,,,,,,,,,,,,,,,,,,,,,,,,,,,,,,,,,,,,,,,,,,,,,,,,,,,,,,,,,,,,,,,,,,,,,,,,,,,,,,,,,,,,,,,,,,,,,,,,,,,,,,,,,,,,,,,,,,,,,,,,,,,,,,10.5,-121,-112,10.5,-119,-108,10.5,-118,-112,,,,9.5,-110,-125,,,,,,,,,,,,,,,,,,,,,,,,,,,,,,,,,,,,,,,,,,,,,,2025-11-06,2025-11-06,mgm
Ivica Zubac,2914974,3888,Ivica,Zubac,LAC,@PHX,https://content.rotowire.com/images/teamlogo/basketball/100LAC.png?v=7,/betting/nba/player/ivica-zubac-odds-3888,,,,,,,,,,,,,,,,,,,,,,,,,,,,,,,,,,,,,,,,,,,,,,,,,,,,,,,,,,,,,,,,,,,,,,,,,,,,,,,,,,,,,,,,,,,,,,,,,,,,,,,,,,,,,,,,,,,,,,,,,,,,,,,,,,,,,,,,,,,,,,,,,,,,,,,,,,,,,,,,,,,,,,,,,,,,,,,,,,,,,,,,,,,,,,,,,,,,,,,,,,,,,,,,,,,13.5,,-125,13.5,100,-139,13.5,-101,-128,13.5,100,-132,14.5,-130,100,14.5,-135,100,,,,,,,,,,,,,,,,,,,,,,,,,2025-11-06,2025-11-06,mgm
Devin Booker,2914974,3711,Devin,Booker,PHX,LAC,https://content.rotowire.com/images/teamlogo/basketball/100PHX.png?v=7,/betting/nba/player/devin-booker-odds-3711,,,,,,,,,,,,,,,,,,,,,,,,,,,,,,,,,,,,,,,,,,,,,,,,,,,,,,,,,,,,,,,,,,,,,,,,,,,,,,,,,,,,,,,,,,,,,,,,,,,,,,,,,,,,,,,,,,,,,,,,,,,,,,,,,,,,,,,,,,,,,,,,,,,,,,,,,,,,,,,,,,,,,,,,,,,,,,,,,,,,,,,,,,,,,,,,,,,,,,,,,,,,,,,,,,,11.5,,-113,11.5,-125,-108,11.5,-121,-107,11.5,-122,-108,10.5,120,-155,10.5,115,-155,,,,,,,,,,,,,,,,,,,,,,,,,2025-11-06,2025-11-06,mgm
Mark Williams,2914974,5647,Mark,Williams,PHX,LAC,https://content.rotowire.com/images/teamlogo/basketball/100PHX.png?v=7,/betting/nba/player/mark-williams-odds-5647,,,,,,,,,,,,,,,,,,,,,,,,,,,,,,,,,,,,,,,,,,,,,,,,,,,,,,,,,,,,,,,,,,,,,,,,,,,,,,,,,,,,,,,,,,,,,,,,,,,,,,,,,,,,,,,,,,,,,,,,,,,,,,,,,,,,,,,,,,,,,,,,,,,,,,,,,,,,,,,,,,,,,,,,,,,,,,,,,,,,,,,,,,,,,,,,,,,,,,,,,,,,,,,,,,,,,,,,,,,,,,,10.5,-110,-120,10.5,100,-135,,,,,,,,,,,,,,,,,,,,,,,,,2025-11-06,2025-11-06,mgm
John Collins,2914974,4159,John,Collins,LAC,@PHX,https://content.rotowire.com/images/teamlogo/basketball/100LAC.png?v=7,/betting/nba/player/john-collins-odds-4159,,,,,,,,,,,,,,,,,,,,,,,,,,,,,,,,,,,,,,,,,,,,,,,,,,,,,,,,,,,,,,,,,,,,,,,,,,,,,,,,,,,,,,,,,,,,,,,,,,,,,,,,,,,,,,,,,,,,,,,,,,,,,,,,,,,,,,,,,,,,,,,,,,,,,,,,,,,,,,,,,,,,,,,,,,,,,,,,,,,,,,,,,,,,,,,,,,,,,,,,,,,,,,,,,,,,,,,,,,,,,,,8.5,-125,-105,,,,,,,,,,,,,,,,,,,,,,,,,,,,2025-11-06,2025-11-06,mgm
Grayson Allen,2914974,4454,Grayson,Allen,PHX,LAC,https://content.rotowire.com/images/teamlogo/basketball/100PHX.png?v=7,/betting/nba/player/grayson-allen-odds-4454,,,,,,,,,,,,,,,,,,,,,,,,,,,,,,,,,,,,,,,,,,,,,,,,,,,,,,,,,,,,,,,,,,,,,,,,,,,,,,,,,,,,,,,,,,,,,,,,,,,,,,,,,,,,,,,,,,,,,,,,,,,,,,,,,,,,,,,,,,,,,,,,,,,,,,,,,,,,,,,,,,,,,,,,,,,,,,,,,,,,,,,,,,,,,,,,,,,,,,,,,,,,,,,,,,,7.5,,-109,7.5,-125,-107,7.5,-119,-109,7.5,-128,-104,7.5,-120,-105,7.5,-125,-110,,,,,,,,,,,,,,,,,,,,,,,,,2025-11-06,2025-11-06,mgm
Royce O'Neale,2914974,3977,Royce,O'Neale,PHX,LAC,https://content.rotowire.com/images/teamlogo/basketball/100PHX.png?v=7,/betting/nba/player/royce-oneale-odds-3977,,,,,,,,,,,,,,,,,,,,,,,,,,,,,,,,,,,,,,,,,,,,,,,,,,,,,,,,,,,,,,,,,,,,,,,,,,,,,,,,,,,,,,,,,,,,,,,,,,,,,,,,,,,,,,,,,,,,,,,,,,,,,,,,,,,,,,,,,,,,,,,,,,,,,,,,,,,,,,,,,,,,,,,,,,,,,,,,,,,,,,,,,,,,,,,,,,,,,,,,,,,,,,,,,,,,,,7.5,-109,-124,7.5,-106,-122,7.5,-108,-122,7.5,-125,-105,,,,,,,,,,,,,,,,,,,,,,,,,,,,2025-11-06,2025-11-06,mgm
Ryan Dunn,2914974,6276,Ryan,Dunn,PHX,LAC,https://content.rotowire.com/images/teamlogo/basketball/100PHX.png?v=7,/betting/nba/player/ryan-dunn-odds-6276,,,,,,,,,,,,,,,,,,,,,,,,,,,,,,,,,,,,,,,,,,,,,,,,,,,,,,,,,,,,,,,,,,,,,,,,,,,,,,,,,,,,,,,,,,,,,,,,,,,,,,,,,,,,,,,,,,,,,,,,,,,,,,,,,,,,,,,,,,,,,,,,,,,,,,,,,,,,,,,,,,,,,,,,,,,,,,,,,,,,,,,,,,,,,,,,,,,,,,,,,,,,,,,,,,,,,,6.5,-136,100,6.5,-128,-101,6.5,-128,-104,,,,6.5,-145,110,,,,,,,,,,,,,,,,,,,,,,,,,2025-11-06,2025-11-06,mgm
Bradley Beal,2914974,3303,Bradley,Beal,LAC,@PHX,https://content.rotowire.com/images/teamlogo/basketball/100LAC.png?v=7,/betting/nba/player/bradley-beal-odds-3303,,,,,,,,,,,,,,,,,,,,,,,,,,,,,,,,,,,,,,,,,,,,,,,,,,,,,,,,,,,,,,,,,,,,,,,,,,,,,,,,,,,,,,,,,,,,,,,,,,,,,,,,,,,,,,,,,,,,,,,,,,,,,,,,,,,,,,,,,,,,,,,,,,,,,,,,,,,,,,,,,,,,,,,,,,,,,,,,,,,,,,,,,,,,,,,,,,,,,,,,,,,,,,,,,,,,,,,,,,,,,,,,,,5.5,-125,-105,,,,,,,,,,,,,,,,,,,,,,,,,2025-11-06,2025-11-06,mgm
Jalen Green,2914974,5230,Jalen,Green,PHX,LAC,https://content.rotowire.com/images/teamlogo/basketball/100PHX.png?v=7,/betting/nba/player/jalen-green-odds-5230,,,,,,,,,,,,,,,,,,,,,,,,,,,,,,,,,,,,,,,,,,,,,,,,,,,,,,,,,,,,,,,,,,,,,,,,,,,,,,,,,,,,,,,,,,,,,,,,,,,,,,,,,,,,,,,,,,,,,,,,,,,,,,,,,,,,,,,,,,,,,,,,,,,,,,,,,,,,,,,,,,,,,,,,,,,,,,,,,,,,,,,,,,,,,,,,,,,,,,,,,,,,,,,,,,,5.5,,-137,5.5,100,-137,5.5,102,-132,5.5,100,-132,,,,5.5,100,-135,,,,,,,,,,,,,,,,,,,,,,,,,2025-11-06,2025-11-06,mgm
Derrick Jones,2914974,4083,Derrick,Jones,LAC,@PHX,https://content.rotowire.com/images/teamlogo/basketball/100LAC.png?v=7,/betting/nba/player/derrick-jones-odds-4083,,,,,,,,,,,,,,,,,,,,,,,,,,,,,,,,,,,,,,,,,,,,,,,,,,,,,,,,,,,,,,,,,,,,,,,,,,,,,,,,,,,,,,,,,,,,,,,,,,,,,,,,,,,,,,,,,,,,,,,,,,,,,,,,,,,,,,,,,,,,,,,,,,,,,,,,,,,,,,,,,,,,,,,,,,,,,,,,,,,,,,,,,,,,,,,,,,,,,,,,,,,,,,,,,,,,,,,,,,,,,,,,,,4.5,100,-135,,,,,,,,,,,,,,,,,,,,,,,,,2025-11-06,2025-11-06,mgm
Grayson Allen,2914974,4454,Grayson,Allen,PHX,LAC,https://content.rotowire.com/images/teamlogo/basketball/100PHX.png?v=7,/betting/nba/player/grayson-allen-odds-4454,,,,,,,,,,,,,,,,,,,,,,,,,,,,,,,,,,,,,,,,,,,,,,,,,,,,,,,,,,,,,,,,,,,,,,,,,,,,,,,,,,,,,,,,,,,,,,,,,,,,,,,,,,,,,,,,,,,,,,,,,,,,,,,,,,,,,,,,,,,,,,,,,,,,,,,,,,,,,,,,,,,,,,,,,,,,,,,,,,,,,,,,,,,,,,,,,,,,,,,,,,,,,,,,,,,,,,,,,,,,,,,,,,,,,,,,1.5,,110,,,,,,,,,,,,,,,,,,,2025-11-06,2025-11-06,mgm
John Collins,2914974,4159,John,Collins,LAC,@PHX,https://content.rotowire.com/images/teamlogo/basketball/100LAC.png?v=7,/betting/nba/player/john-collins-odds-4159,,,,,,,,,,,,,,,,,,,,,,,,,,,,,,,,,,,,,,,,,,,,,,,,,,,,,,,,,,,,,,,,,,,,,,,,,,,,,,,,,,,,,,,,,,,,,,,,,,,,,,,,,,,,,,,,,,,,,,,,,,,,,,,,,,,,,,,,,,,,,,,,,,,,,,,,,,,,,,,,,,,,,,,,,,,,,,,,,,,,,,,,,,,,,,,,,,,,,,,,,,,,,,,,,,,,,,,,,,,,,,,,,,,,,,,,1.5,,100,,,,,,,,,,,,,,,,,,,2025-11-06,2025-11-06,mgm
Ryan Dunn,2914974,6276,Ryan,Dunn,PHX,LAC,https://content.rotowire.com/images/teamlogo/basketball/100PHX.png?v=7,/betting/nba/player/ryan-dunn-odds-6276,,,,,,,,,,,,,,,,,,,,,,,,,,,,,,,,,,,,,,,,,,,,,,,,,,,,,,,,,,,,,,,,,,,,,,,,,,,,,,,,,,,,,,,,,,,,,,,,,,,,,,,,,,,,,,,,,,,,,,,,,,,,,,,,,,,,,,,,,,,,,,,,,,,,,,,,,,,,,,,,,,,,,,,,,,,,,,,,,,,,,,,,,,,,,,,,,,,,,,,,,,,,,,,,,,,,,,,,,,,,,,,,,,,,,,,,1.5,,-175,,,,,,,,,,,,,,,,,,,2025-11-06,2025-11-06,mgm
Collin Gillespie,2914974,5732,Collin,Gillespie,PHX,LAC,https://content.rotowire.com/images/teamlogo/basketball/100PHX.png?v=7,/betting/nba/player/collin-gillespie-odds-5732,,,,,,,,,,,,,,,,,,,,,,,,,,,,,,,,,,,,,,,,,,,,,,,,,,,,,,,,,,,,,,,,,,,,,,,,,,,,,,,,,,,,,,,,,,,,,,,,,,,,,,,,,,,,,,,,,,,,,,,,,,,,,,,,,,,,,,,,,,,,,,,,,,,,,,,,,,,,,,,,,,,,,,,,,,,,,,,,,,,,,,,,,,,,,,,,,,,,,,,,,,,,,,,,,,,,,,,,,,,,,,,,,,,,,,,,1.5,,105,,,,,,,,,,,,,,,,,,,2025-11-06,2025-11-06,mgm
Derrick Jones,2914974,4083,Derrick,Jones,LAC,@PHX,https://content.rotowire.com/images/teamlogo/basketball/100LAC.png?v=7,/betting/nba/player/derrick-jones-odds-4083,,,,,,,,,,,,,,,,,,,,,,,,,,,,,,,,,,,,,,,,,,,,,,,,,,,,,,,,,,,,,,,,,,,,,,,,,,,,,,,,,,,,,,,,,,,,,,,,,,,,,,,,,,,,,,,,,,,,,,,,,,,,,,,,,,,,,,,,,,,,,,,,,,,,,,,,,,,,,,,,,,,,,,,,,,,,,,,,,,,,,,,,,,,,,,,,,,,,,,,,,,,,,,,,,,,,,,,,,,,,,,,,,,,,,,,,1.5,,-115,,,,,,,,,,,,,,,,,,,2025-11-06,2025-11-06,mgm
Royce O'Neale,2914974,3977,Royce,O'Neale,PHX,LAC,https://content.rotowire.com/images/teamlogo/basketball/100PHX.png?v=7,/betting/nba/player/royce-oneale-odds-3977,,,,,,,,,,,,,,,,,,,,,,,,,,,,,,,,,,,,,,,,,,,,,,,,,,,,,,,,,,,,,,,,,,,,,,,,,,,,,,,,,,,,,,,,,,,,,,,,,,,,,,,,,,,,,,,,,,,,,,,,,,,,,,,,,,,,,,,,,,,,,,,,,,,,,,,,,,,,,,,,,,,,,,,,,,,,,,,,,,,,,,,,,,,,,,,,,,,,,,,,,,,,,,,,,,,,,,,,,,,,,,,,,,,,,,,,1.5,,130,,,,,,,,,,,,,,,,,,,2025-11-06,2025-11-06,mgm
Mark Williams,2914974,5647,Mark,Williams,PHX,LAC,https://content.rotowire.com/images/teamlogo/basketball/100PHX.png?v=7,/betting/nba/player/mark-williams-odds-5647,,,,,,,,,,,,,,,,,,,,,,,,,,,,,,,,,,,,,,,,,,,,,,,,,,,,,,,,,,,,,,,,,,,,,,,,,,,,,,,,,,,,,,,,,,,,,,,,,,,,,,,,,,,,,,,,,,,,,,,,,,,,,,,,,,,,,,,,,,,,,,,,,,,,,,,,,,,,,,,,,,,,,,,,,,,,,,,,,,,,,,,,,,,,,,,,,,,,,,,,,,,,,,,,,,,,,,,,,,,,,,,,,,,,,,,,1.5,,-185,,,,,,,,,,,,,,,,,,,2025-11-06,2025-11-06,mgm
Ivica Zubac,2914974,3888,Ivica,Zubac,LAC,@PHX,https://content.rotowire.com/images/teamlogo/basketball/100LAC.png?v=7,/betting/nba/player/ivica-zubac-odds-3888,,,,,,,,,,,,,,,,,,,,,,,,,,,,,,,,,,,,,,,,,,,,,,,,,,,,,,,,,,,,,,,,,,,,,,,,,,,,,,,,,,,,,,,,,,,,,,,,,,,,,,,,,,,,,,,,,,,,,,,,,,,,,,,,,,,,,,,,,,,,,,,,,,,,,,,,,,,,,,,,,,,,,,,,,,,,,,,,,,,,,,,,,,,,,,,,,,,,,,,,,,,,,,,,,,,,,,,,,,,,,,,,,,,,,,,,1.5,,-125,,,,,,,,,,,,,,,,,,,2025-11-06,2025-11-06,mgm
Bradley Beal,2914974,3303,Bradley,Beal,LAC,@PHX,https://content.rotowire.com/images/teamlogo/basketball/100LAC.png?v=7,/betting/nba/player/bradley-beal-odds-3303,,,,,,,,,,,,,,,,,,,,,,,,,,,,,,,,,,,,,,,,,,,,,,,,,,,,,,,,,,,,,,,,,,,,,,,,,,,,,,,,,,,,,,,,,,,,,,,,,,,,,,,,,,,,,,,,,,,,,,,,,,,,,,,,,,,,,,,,,,,,,,,,,,,,,,,,,,,,,,,,,,,,,,,,,,,,,,,,,,,,,,,,,,,,,,,,,,,,,,,,,,,,,,,,,,,,,,,,,,,,,,,,,,,,,,,,0.5,,-210,,,,,,,,,,,,,,,,,,,2025-11-06,2025-11-06,mgm
Devin Booker,2914974,3711,Devin,Booker,PHX,LAC,https://content.rotowire.com/images/teamlogo/basketball/100PHX.png?v=7,/betting/nba/player/devin-booker-odds-3711,,,,,,,,,,,,,,,,,,,,,,,,,,,,,,,,,,,,,,,,,,,,,,,,,,,,,,,,,,,,,,,,,,,,,,,,,,,,,,,,,,,,,,,,,,,,,,,,,,,,,,,,,,,,,,,,,,,,,,,,,,,,,,,,,,,,,,,,,,,,,,,,,,,,,,,,,,,,,,,,,,,,,,,,,,,,,,,,,,,,,,,,,,,,,,,,,,,,,,,,,,,,,,,,,,,,,,,,,,,,,,,,,,,,,,,,0.5,,-260,,,,,,,,,,,,,,,,,,,2025-11-06,2025-11-06,mgm
Jalen Green,2914974,5230,Jalen,Green,PHX,LAC,https://content.rotowire.com/images/teamlogo/basketball/100PHX.png?v=7,/betting/nba/player/jalen-green-odds-5230,,,,,,,,,,,,,,,,,,,,,,,,,,,,,,,,,,,,,,,,,,,,,,,,,,,,,,,,,,,,,,,,,,,,,,,,,,,,,,,,,,,,,,,,,,,,,,,,,,,,,,,,,,,,,,,,,,,,,,,,,,,,,,,,,,,,,,,,,,,,,,,,,,,,,,,,,,,,,,,,,,,,,,,,,,,,,,,,,,,,,,,,,,,,,,,,,,,,,,,,,,,,,,,,,,,,,,,,,,,,,,,,,,,,,,,,0.5,,-190,,,,,,,,,,,,,,,,,,,2025-11-06,2025-11-06,mgm
Oso Ighodaro,2914974,6293,Oso,Ighodaro,PHX,LAC,https://content.rotowire.com/images/teamlogo/basketball/100PHX.png?v=7,/betting/nba/player/oso-ighodaro-odds-6293,,,,,,,,,,,,,,,,,,,,,,,,,,,,,,,,,,,,,,,,,,,,,,,,,,,,,,,,,,,,,,,,,,,,,,,,,,,,,,,,,,,,,,,,,,,,,,,,,,,,,,,,,,,,,,,,,,,,,,,,,,,,,,,,,,,,,,,,,,,,,,,,,,,,,,,,,,,,,,,,,,,,,,,,,,,,,,,,,,,,,,,,,,,,,,,,,,,,,,,,,,,,,,,,,,,,,,,,,,,,,,,,,,,,,,,,0.5,,-180,,,,,,,,,,,,,,,,,,,2025-11-06,2025-11-06,mgm
Brook Lopez,2914974,2918,Brook,Lopez,LAC,@PHX,https://content.rotowire.com/images/teamlogo/basketball/100LAC.png?v=7,/betting/nba/player/brook-lopez-odds-2918,,,,,,,,,,,,,,,,,,,,,,,,,,,,,,,,,,,,,,,,,,,,,,,,,,,,,,,,,,,,,,,,,,,,,,,,,,,,,,,,,,,,,,,,,,,,,,,,,,,,,,,,,,,,,,,,,,,,,,,,,,,,,,,,,,,,,,,,,,,,,,,,,,,,,,,,,,,,,,,,,,,,,,,,,,,,,,,,,,,,,,,,,,,,,,,,,,,,,,,,,,,,,,,,,,,,,,,,,,,,,,,,,,,,,,,,0.5,,-240,,,,,,,,,,,,,,,,,,,2025-11-06,2025-11-06,mgm
Devin Booker,2914974,3711,Devin,Booker,PHX,LAC,https://content.rotowire.com/images/teamlogo/basketball/100PHX.png?v=7,/betting/nba/player/devin-booker-odds-3711,29.5,,,28.5,,,27.5,,,27.5,,,28.5,,,28.5,,,,,,3.5,,,3.5,,,3.5,,,3.5,,,3.5,,,3.5,,,,,,7.5,,,7.5,,,7.5,,,7.5,,,7.5,,,7.5,,,,,,2.5,,,2.5,,,2.5,,,2.5,,,2.5,,,2.5,,,,,,,,,0.5,,,0.5,,,,,,,,,,,,,,,0.5,,,,,,,,,,,,,,,,,,,,,3.5,,,,,,,,,,,,,,,,,,,,,41.5,,,39.5,,,39.5,,,39.5,,,39.5,,,39.5,,,,,,32.5,,,31.5,,,31.5,,,31.5,,,31.5,,,31.5,,,,,,36.5,,,35.5,,,35.5,,,36.5,,,35.5,,,35.5,,,,,,11.5,,,11.5,,,11.5,,,11.5,,,10.5,,,10.5,,,,,,0.5,,,,,,,,,,,,,,,,,,,,,2025-11-06,2025-11-06,mgm
Ivica Zubac,2914974,3888,Ivica,Zubac,LAC,@PHX,https://content.rotowire.com/images/teamlogo/basketball/100LAC.png?v=7,/betting/nba/player/ivica-zubac-odds-3888,18.5,,,17.5,,,16.5,,,17.5,,,17.5,,,17.5,,,,,,10.5,,,11.5,,,11.5,,,11.5,,,11.5,,,11.5,,,,,,2.5,,,2.5,,,2.5,,,2.5,,,2.5,,,2.5,,,,,,,,,,,,,,,,,,,,,,,,,,,1.5,,,0.5,,,0.5,,,,,,,,,,,,,,,0.5,,,,,,,,,,,,,,,,,,,,,1.5,,,,,,,,,,,,,,,,,,,,,32.5,,,31.5,,,30.5,,,31.5,,,31.5,,,31.5,,,,,,28.5,,,28.5,,,28.5,,,28.5,,,28.5,,,28.5,,,,,,20.5,,,20.5,,,19.5,,,20.5,,,20.5,,,20.5,,,,,,13.5,,,13.5,,,13.5,,,13.5,,,14.5,,,14.5,,,,,,1.5,,,,,,,,,,,,,,,,,,,,,2025-11-06,2025-11-06,mgm
John Collins,2914974,4159,John,Collins,LAC,@PHX,https://content.rotowire.com/images/teamlogo/basketball/100LAC.png?v=7,/betting/nba/player/john-collins-odds-4159,,,,17.5,,,17.5,,,17.5,,,17.5,,,17.5,,,,,,,,,6.5,,,6.5,,,6.5,,,6.5,,,6.5,,,,,,,,,,,,,,,,,,,,,1.5,,,,,,1.5,,,1.5,,,1.5,,,1.5,,,1.5,,,,,,,,,,,,0.5,,,,,,,,,,,,,,,,,,0.5,,,,,,,,,,,,,,,,,,,,,2.5,,,,,,,,,,,,,,,,,,,,,,,,25.5,,,,,,,,,25.5,,,25.5,,,,,,,,,24.5,,,23.5,,,24.5,,,24.5,,,,,,,,,,,,,,,,,,,,,19.5,,,,,,,,,,,,,,,,,,,,,8.5,,,,,,,,,1.5,,,,,,,,,,,,,,,,,,,,,2025-11-06,2025-11-06,mgm
Grayson Allen,2914974,4454,Grayson,Allen,PHX,LAC,https://content.rotowire.com/images/teamlogo/basketball/100PHX.png?v=7,/betting/nba/player/grayson-allen-odds-4454,15.5,,,15.5,,,15.5,,,15.5,,,15.5,,,15.5,,,,,,3.5,,,3.5,,,3.5,,,3.5,,,3.5,,,3.5,,,,,,3.5,,,3.5,,,3.5,,,3.5,,,3.5,,,3.5,,,,,,3.5,,,3.5,,,3.5,,,3.5,,,,,,,,,,,,,,,0.5,,,0.5,,,,,,,,,,,,,,,1.5,,,,,,,,,,,,,,,,,,,,,1.5,,,,,,,,,,,,,,,,,,,,,23.5,,,22.5,,,22.5,,,22.5,,,23.5,,,23.5,,,,,,18.5,,,18.5,,,18.5,,,18.5,,,19.5,,,19.5,,,,,,19.5,,,19.5,,,19.5,,,18.5,,,19.5,,,19.5,,,,,,7.5,,,7.5,,,7.5,,,7.5,,,7.5,,,7.5,,,,,,1.5,,,,,,,,,,,,,,,,,,,,,2025-11-06,2025-11-06,mgm
Bradley Beal,2914974,3303,Bradley,Beal,LAC,@PHX,https://content.rotowire.com/images/teamlogo/basketball/100LAC.png?v=7,/betting/nba/player/bradley-beal-odds-3303,15.5,,,14.5,,,14.5,,,14.5,,,14.5,,,14.5,,,,,,,,,,,,,,,,,,,,,1.5,,,,,,3.5,,,3.5,,,3.5,,,3.5,,,3.5,,,3.5,,,,,,1.5,,,1.5,,,1.5,,,1.5,,,1.5,,,1.5,,,,,,,,,0.5,,,0.5,,,,,,,,,,,,,,,0.5,,,,,,,,,,,,,,,,,,,,,1.5,,,,,,,,,,,,,,,,,,,,,,,,20.5,,,,,,,,,19.5,,,19.5,,,,,,,,,,,,,,,,,,16.5,,,16.5,,,,,,18.5,,,18.5,,,18.5,,,18.5,,,18.5,,,18.5,,,,,,,,,,,,,,,,,,,,,5.5,,,,,,0.5,,,,,,,,,,,,,,,,,,,,,2025-11-06,2025-11-06,mgm
Jalen Green,2914974,5230,Jalen,Green,PHX,LAC,https://content.rotowire.com/images/teamlogo/basketball/100PHX.png?v=7,/betting/nba/player/jalen-green-odds-5230,13.5,,,12.5,,,13.5,,,12.5,,,12.5,,,12.5,,,,,,3.5,,,2.5,,,2.5,,,2.5,,,2.5,,,2.5,,,,,,2.5,,,2.5,,,2.5,,,2.5,,,2.5,,,2.5,,,,,,1.5,,,1.5,,,1.5,,,1.5,,,1.5,,,1.5,,,,,,,,,0.5,,,0.5,,,,,,,,,,,,,,,0.5,,,,,,,,,,,,,,,,,,,,,1.5,,,,,,,,,,,,,,,,,,,,,19.5,,,18.5,,,18.5,,,18.5,,,18.5,,,18.5,,,,,,15.5,,,16.5,,,16.5,,,16.5,,,15.5,,,15.5,,,,,,15.5,,,15.5,,,15.5,,,15.5,,,15.5,,,15.5,,,,,,5.5,,,5.5,,,5.5,,,5.5,,,,,,5.5,,,,,,0.5,,,,,,,,,,,,,,,,,,,,,2025-11-06,2025-11-06,mgm
Mark Williams,2914974,5647,Mark,Williams,PHX,LAC,https://content.rotowire.com/images/teamlogo/basketball/100PHX.png?v=7,/betting/nba/player/mark-williams-odds-5647,13.5,,,13.5,,,13.5,,,13.5,,,13.5,,,13.5,,,,,,9.5,,,9.5,,,9.5,,,9.5,,,9.5,,,9.5,,,,,,,,,,,,,,,,,,,,,1.5,,,,,,,,,,,,,,,,,,,,,,,,,,,,,,0.5,,,0.5,,,,,,,,,,,,,,,0.5,,,,,,,,,,,,,,,,,,,,,1.5,,,,,,,,,,,,,,,,,,,,,,,,24.5,,,,,,,,,24.5,,,24.5,,,,,,22.5,,,23.5,,,23.5,,,22.5,,,23.5,,,23.5,,,,,,,,,15.5,,,,,,,,,15.5,,,15.5,,,,,,,,,,,,,,,,,,10.5,,,10.5,,,,,,1.5,,,,,,,,,,,,,,,,,,,,,2025-11-06,2025-11-06,mgm
Bogdan Bogdanovic,2914974,3593,Bogdan,Bogdanovic,LAC,@PHX,https://content.rotowire.com/images/teamlogo/basketball/100LAC.png?v=7,/betting/nba/player/bogdan-bogdanovic-odds-3593,,,,11.5,,,11.5,,,11.5,,,,,,,,,,,,,,,,,,,,,,,,,,,,,,,,,,,,,,,,,,,,,,,,,,,,,,1.5,,,1.5,,,,,,,,,1.5,,,,,,,,,,,,,,,,,,,,,,,,,,,,,,,,,,,,,,,,,,,,,,,,,,,,,,,,,,,,,,,,,,,,,,,,,,,,,,,,,,,,,,,,,,,,,,,,,,,,,,,,,,,,,,,,,,,,,,,,,,,,,,,,,,,,,,,,,,,,,,,,,,,,,,,,,,,,,,,,,,,,,,,,,,,,,,,,,2025-11-06,2025-11-06,mgm
Derrick Jones,2914974,4083,Derrick,Jones,LAC,@PHX,https://content.rotowire.com/images/teamlogo/basketball/100LAC.png?v=7,/betting/nba/player/derrick-jones-odds-4083,,,,11.5,,,11.5,,,11.5,,,11.5,,,11.5,,,,,,,,,3.5,,,3.5,,,3.5,,,3.5,,,3.5,,,,,,,,,,,,,,,,,,,,,1.5,,,,,,1.5,,,1.5,,,1.5,,,1.5,,,1.5,,,,,,,,,,,,0.5,,,0.5,,,,,,,,,,,,,,,0.5,,,,,,,,,,,,,,,,,,,,,1.5,,,,,,,,,,,,,,,,,,,,,,,,,,,,,,,,,,,,16.5,,,,,,,,,15.5,,,15.5,,,15.5,,,14.5,,,14.5,,,,,,,,,,,,,,,,,,,,,12.5,,,,,,,,,,,,,,,,,,,,,4.5,,,,,,1.5,,,,,,,,,,,,,,,,,,,,,2025-11-06,2025-11-06,mgm
Kris Dunn,2914974,3854,Kris,Dunn,LAC,@PHX,https://content.rotowire.com/images/teamlogo/basketball/100LAC.png?v=7,/betting/nba/player/kris-dunn-odds-3854,9.5,,,8.5,,,8.5,,,8.5,,,,,,,,,,,,3.5,,,3.5,,,3.5,,,3.5,,,,,,,,,,,,,,,,,,,,,,,,,,,,,,,,,1.5,,,1.5,,,,,,,,,1.5,,,1.5,,,,,,,,,,,,,,,,,,,,,,,,,,,,,,,,,,,,1.5,,,,,,,,,,,,,,,,,,,,,,,,,,,,,,,,,,,,,,,,,,,,,,,,,,,,,,12.5,,,11.5,,,11.5,,,12.5,,,,,,,,,,,,,,,,,,,,,,,,,,,,,,,,,,,,,,,,,,,,,,,,,,,,,,,,,,,,,,,,,,,,,,,,,,,2025-11-06,2025-11-06,mgm
Collin Gillespie,2914974,5732,Collin,Gillespie,PHX,LAC,https://content.rotowire.com/images/teamlogo/basketball/100PHX.png?v=7,/betting/nba/player/collin-gillespie-odds-5732,,,,9.5,,,9.5,,,9.5,,,9.5,,,9.5,,,,,,,,,,,,,,,,,,3.5,,,3.5,,,,,,,,,3.5,,,3.5,,,4.5,,,3.5,,,3.5,,,,,,2.5,,,2.5,,,2.5,,,2.5,,,2.5,,,,,,,,,,,,0.5,,,,,,,,,,,,,,,,,,0.5,,,,,,,,,,,,,,,,,,,,,0.5,,,,,,,,,,,,,,,,,,,,,,,,,,,,,,,,,,,,16.5,,,,,,,,,,,,,,,,,,12.5,,,,,,,,,,,,13.5,,,13.5,,,13.5,,,,,,,,,,,,,,,,,,,,,,,,,,,,,,,,,1.5,,,,,,,,,,,,,,,,,,,,,2025-11-06,2025-11-06,mgm
Royce O'Neale,2914974,3977,Royce,O'Neale,PHX,LAC,https://content.rotowire.com/images/teamlogo/basketball/100PHX.png?v=7,/betting/nba/player/royce-oneale-odds-3977,9.5,,,9.5,,,9.5,,,9.5,,,8.5,,,8.5,,,,,,4.5,,,4.5,,,4.5,,,4.5,,,4.5,,,4.5,,,,,,,,,2.5,,,2.5,,,2.5,,,2.5,,,2.5,,,,,,2.5,,,2.5,,,2.5,,,2.5,,,2.5,,,2.5,,,,,,,,,0.5,,,,,,,,,,,,,,,,,,0.5,,,,,,,,,,,,,,,,,,,,,1.5,,,,,,,,,,,,,,,,,,,,,,,,17.5,,,17.5,,,17.5,,,,,,16.5,,,,,,14.5,,,14.5,,,14.5,,,14.5,,,13.5,,,,,,,,,,,,12.5,,,12.5,,,12.5,,,,,,,,,,,,,,,7.5,,,7.5,,,7.5,,,7.5,,,,,,,,,1.5,,,,,,,,,,,,,,,,,,,,,2025-11-06,2025-11-06,mgm
Ryan Dunn,2914974,6276,Ryan,Dunn,PHX,LAC,https://content.rotowire.com/images/teamlogo/basketball/100PHX.png?v=7,/betting/nba/player/ryan-dunn-odds-6276,,,,8.5,,,8.5,,,8.5,,,8.5,,,8.5,,,,,,,,,4.5,,,4.5,,,4.5,,,4.5,,,4.5,,,,,,,,,1.5,,,,,,,,,,,,1.5,,,,,,1.5,,,,,,1.5,,,1.5,,,,,,,,,,,,,,,0.5,,,0.5,,,,,,,,,,,,,,,1.5,,,,,,,,,,,,,,,,,,,,,0.5,,,,,,,,,,,,,,,,,,,,,,,,15.5,,,15.5,,,15.5,,,,,,14.5,,,,,,,,,13.5,,,13.5,,,13.5,,,13.5,,,13.5,,,,,,,,,10.5,,,10.5,,,10.5,,,,,,9.5,,,,,,,,,6.5,,,6.5,,,6.5,,,,,,6.5,,,,,,1.5,,,,,,,,,,,,,,,,,,,,,2025-11-06,2025-11-06,mgm
Brook Lopez,2914974,2918,Brook,Lopez,LAC,@PHX,https://content.rotowire.com/images/teamlogo/basketball/100LAC.png?v=7,/betting/nba/player/brook-lopez-odds-2918,,,,6.5,,,7.5,,,6.5,,,7.5,,,7.5,,,,,,,,,2.5,,,2.5,,,2.5,,,2.5,,,2.5,,,,,,,,,,,,,,,,,,,,,0.5,,,,,,1.5,,,1.5,,,1.5,,,1.5,,,1.5,,,,,,,,,,,,0.5,,,,,,,,,,,,,,,,,,0.5,,,,,,,,,,,,,,,,,,,,,0.5,,,,,,,,,,,,,,,,,,,,,,,,,,,,,,,,,,,,11.5,,,,,,,,,10.5,,,10.5,,,9.5,,,,,,,,,,,,,,,,,,,,,,,,,,,,,,,,,,,,,,,,,,,,,,,,,,,,,,0.5,,,,,,,,,,,,,,,,,,,,,2025-11-06,2025-11-06,mgm
Chris Paul,2914974,2584,Chris,Paul,LAC,@PHX,https://content.rotowire.com/images/teamlogo/basketball/100LAC.png?v=7,/betting/nba/player/chris-paul-odds-2584,7.5,,,6.5,,,6.5,,,6.5,,,,,,,,,,,,,,,,,,,,,,,,,,,,,,,,,5.5,,,6.5,,,6.5,,,6.5,,,,,,,,,,,,1.5,,,1.5,,,,,,,,,1.5,,,1.5,,,,,,,,,,,,,,,,,,,,,,,,,,,,,,,,,,,,,,,,,,,,,,,,,,,,,,,,,,,,,,,,,,,,,,,,,,,,,,,,,,,,,,,,,,,,,,,,,,,,,,,,,,,,,,,12.5,,,13.5,,,13.5,,,13.5,,,,,,,,,,,,,,,,,,,,,,,,,,,,,,,,,,,,,,,,,,,,,,,,,,,,,,2025-11-06,2025-11-06,mgm
Oso Ighodaro,2914974,6293,Oso,Ighodaro,PHX,LAC,https://content.rotowire.com/images/teamlogo/basketball/100PHX.png?v=7,/betting/nba/player/oso-ighodaro-odds-6293,,,,,,,,,,,,,,,,4.5,,,,,,,,,3.5,,,,,,,,,3.5,,,3.5,,,,,,,,,,,,,,,,,,,,,1.5,,,,,,,,,,,,,,,,,,,,,,,,,,,,,,0.5,,,,,,,,,,,,,,,,,,0.5,,,,,,,,,,,,,,,,,,,,,0.5,,,,,,,,,,,,,,,,,,,,,,,,,,,,,,,,,,,,8.5,,,,,,,,,,,,,,,,,,,,,,,,,,,,,,,,,,,,,,,,,,,,,,,,,,,,,,,,,,,,,,,,,,,,,0.5,,,,,,,,,,,,,,,,,,,,,2025-11-06,2025-11-06,mgm
Devin Booker,2914974,3711,Devin,Booker,PHX,LAC,https://content.rotowire.com/images/teamlogo/basketball/100PHX.png?v=7,/betting/nba/player/devin-booker-odds-3711,29.5,,,28.5,,,27.5,,,27.5,,,28.5,,,28.5,,,,,,3.5,,,3.5,,,3.5,,,3.5,,,3.5,,,3.5,,,,,,7.5,,,7.5,,,7.5,,,7.5,,,7.5,,,7.5,,,,,,2.5,,,2.5,,,2.5,,,2.5,,,2.5,,,2.5,,,,,,,,,0.5,,,0.5,,,,,,,,,,,,,,,0.5,,,,,,,,,,,,,,,,,,,,,3.5,,,,,,,,,,,,,,,,,,,,,41.5,,,39.5,,,39.5,,,39.5,,,39.5,,,39.5,,,,,,32.5,,,31.5,,,31.5,,,31.5,,,31.5,,,31.5,,,,,,36.5,,,35.5,,,35.5,,,36.5,,,35.5,,,35.5,,,,,,11.5,,,11.5,,,11.5,,,11.5,,,10.5,,,10.5,,,,,,0.5,,,,,,,,,,,,,,,,,,,,,2025-11-06,2025-11-06,mgm
Ivica Zubac,2914974,3888,Ivica,Zubac,LAC,@PHX,https://content.rotowire.com/images/teamlogo/basketball/100LAC.png?v=7,/betting/nba/player/ivica-zubac-odds-3888,18.5,,,17.5,,,16.5,,,17.5,,,17.5,,,17.5,,,,,,10.5,,,11.5,,,11.5,,,11.5,,,11.5,,,11.5,,,,,,2.5,,,2.5,,,2.5,,,2.5,,,2.5,,,2.5,,,,,,,,,,,,,,,,,,,,,,,,,,,1.5,,,0.5,,,0.5,,,,,,,,,,,,,,,0.5,,,,,,,,,,,,,,,,,,,,,1.5,,,,,,,,,,,,,,,,,,,,,32.5,,,31.5,,,30.5,,,31.5,,,31.5,,,31.5,,,,,,28.5,,,28.5,,,28.5,,,28.5,,,28.5,,,28.5,,,,,,20.5,,,20.5,,,19.5,,,20.5,,,20.5,,,20.5,,,,,,13.5,,,13.5,,,13.5,,,13.5,,,14.5,,,14.5,,,,,,1.5,,,,,,,,,,,,,,,,,,,,,2025-11-06,2025-11-06,mgm
John Collins,2914974,4159,John,Collins,LAC,@PHX,https://content.rotowire.com/images/teamlogo/basketball/100LAC.png?v=7,/betting/nba/player/john-collins-odds-4159,,,,17.5,,,17.5,,,17.5,,,17.5,,,17.5,,,,,,,,,6.5,,,6.5,,,6.5,,,6.5,,,6.5,,,,,,,,,,,,,,,,,,,,,1.5,,,,,,1.5,,,1.5,,,1.5,,,1.5,,,1.5,,,,,,,,,,,,0.5,,,,,,,,,,,,,,,,,,0.5,,,,,,,,,,,,,,,,,,,,,2.5,,,,,,,,,,,,,,,,,,,,,,,,25.5,,,,,,,,,25.5,,,25.5,,,,,,,,,24.5,,,23.5,,,24.5,,,24.5,,,,,,,,,,,,,,,,,,,,,19.5,,,,,,,,,,,,,,,,,,,,,8.5,,,,,,,,,1.5,,,,,,,,,,,,,,,,,,,,,2025-11-06,2025-11-06,mgm
Grayson Allen,2914974,4454,Grayson,Allen,PHX,LAC,https://content.rotowire.com/images/teamlogo/basketball/100PHX.png?v=7,/betting/nba/player/grayson-allen-odds-4454,15.5,,,15.5,,,15.5,,,15.5,,,15.5,,,15.5,,,,,,3.5,,,3.5,,,3.5,,,3.5,,,3.5,,,3.5,,,,,,3.5,,,3.5,,,3.5,,,3.5,,,3.5,,,3.5,,,,,,3.5,,,3.5,,,3.5,,,3.5,,,,,,,,,,,,,,,0.5,,,0.5,,,,,,,,,,,,,,,1.5,,,,,,,,,,,,,,,,,,,,,1.5,,,,,,,,,,,,,,,,,,,,,23.5,,,22.5,,,22.5,,,22.5,,,23.5,,,23.5,,,,,,18.5,,,18.5,,,18.5,,,18.5,,,19.5,,,19.5,,,,,,19.5,,,19.5,,,19.5,,,18.5,,,19.5,,,19.5,,,,,,7.5,,,7.5,,,7.5,,,7.5,,,7.5,,,7.5,,,,,,1.5,,,,,,,,,,,,,,,,,,,,,2025-11-06,2025-11-06,mgm
Bradley Beal,2914974,3303,Bradley,Beal,LAC,@PHX,https://content.rotowire.com/images/teamlogo/basketball/100LAC.png?v=7,/betting/nba/player/bradley-beal-odds-3303,15.5,,,14.5,,,14.5,,,14.5,,,14.5,,,14.5,,,,,,,,,,,,,,,,,,,,,1.5,,,,,,3.5,,,3.5,,,3.5,,,3.5,,,3.5,,,3.5,,,,,,1.5,,,1.5,,,1.5,,,1.5,,,1.5,,,1.5,,,,,,,,,0.5,,,0.5,,,,,,,,,,,,,,,0.5,,,,,,,,,,,,,,,,,,,,,1.5,,,,,,,,,,,,,,,,,,,,,,,,20.5,,,,,,,,,19.5,,,19.5,,,,,,,,,,,,,,,,,,16.5,,,16.5,,,,,,18.5,,,18.5,,,18.5,,,18.5,,,18.5,,,18.5,,,,,,,,,,,,,,,,,,,,,5.5,,,,,,0.5,,,,,,,,,,,,,,,,,,,,,2025-11-06,2025-11-06,mgm
Jalen Green,2914974,5230,Jalen,Green,PHX,LAC,https://content.rotowire.com/images/teamlogo/basketball/100PHX.png?v=7,/betting/nba/player/jalen-green-odds-5230,13.5,,,12.5,,,13.5,,,12.5,,,12.5,,,12.5,,,,,,3.5,,,2.5,,,2.5,,,2.5,,,2.5,,,2.5,,,,,,2.5,,,2.5,,,2.5,,,2.5,,,2.5,,,2.5,,,,,,1.5,,,1.5,,,1.5,,,1.5,,,1.5,,,1.5,,,,,,,,,0.5,,,0.5,,,,,,,,,,,,,,,0.5,,,,,,,,,,,,,,,,,,,,,1.5,,,,,,,,,,,,,,,,,,,,,19.5,,,18.5,,,18.5,,,18.5,,,18.5,,,18.5,,,,,,15.5,,,16.5,,,16.5,,,16.5,,,15.5,,,15.5,,,,,,15.5,,,15.5,,,15.5,,,15.5,,,15.5,,,15.5,,,,,,5.5,,,5.5,,,5.5,,,5.5,,,,,,5.5,,,,,,0.5,,,,,,,,,,,,,,,,,,,,,2025-11-06,2025-11-06,mgm
Mark Williams,2914974,5647,Mark,Williams,PHX,LAC,https://content.rotowire.com/images/teamlogo/basketball/100PHX.png?v=7,/betting/nba/player/mark-williams-odds-5647,13.5,,,13.5,,,13.5,,,13.5,,,13.5,,,13.5,,,,,,9.5,,,9.5,,,9.5,,,9.5,,,9.5,,,9.5,,,,,,,,,,,,,,,,,,,,,1.5,,,,,,,,,,,,,,,,,,,,,,,,,,,,,,0.5,,,0.5,,,,,,,,,,,,,,,0.5,,,,,,,,,,,,,,,,,,,,,1.5,,,,,,,,,,,,,,,,,,,,,,,,24.5,,,,,,,,,24.5,,,24.5,,,,,,22.5,,,23.5,,,23.5,,,22.5,,,23.5,,,23.5,,,,,,,,,15.5,,,,,,,,,15.5,,,15.5,,,,,,,,,,,,,,,,,,10.5,,,10.5,,,,,,1.5,,,,,,,,,,,,,,,,,,,,,2025-11-06,2025-11-06,mgm
Bogdan Bogdanovic,2914974,3593,Bogdan,Bogdanovic,LAC,@PHX,https://content.rotowire.com/images/teamlogo/basketball/100LAC.png?v=7,/betting/nba/player/bogdan-bogdanovic-odds-3593,,,,11.5,,,11.5,,,11.5,,,,,,,,,,,,,,,,,,,,,,,,,,,,,,,,,,,,,,,,,,,,,,,,,,,,,,1.5,,,1.5,,,,,,,,,1.5,,,,,,,,,,,,,,,,,,,,,,,,,,,,,,,,,,,,,,,,,,,,,,,,,,,,,,,,,,,,,,,,,,,,,,,,,,,,,,,,,,,,,,,,,,,,,,,,,,,,,,,,,,,,,,,,,,,,,,,,,,,,,,,,,,,,,,,,,,,,,,,,,,,,,,,,,,,,,,,,,,,,,,,,,,,,,,,,,2025-11-06,2025-11-06,mgm
Derrick Jones,2914974,4083,Derrick,Jones,LAC,@PHX,https://content.rotowire.com/images/teamlogo/basketball/100LAC.png?v=7,/betting/nba/player/derrick-jones-odds-4083,,,,11.5,,,11.5,,,11.5,,,11.5,,,11.5,,,,,,,,,3.5,,,3.5,,,3.5,,,3.5,,,3.5,,,,,,,,,,,,,,,,,,,,,1.5,,,,,,1.5,,,1.5,,,1.5,,,1.5,,,1.5,,,,,,,,,,,,0.5,,,0.5,,,,,,,,,,,,,,,0.5,,,,,,,,,,,,,,,,,,,,,1.5,,,,,,,,,,,,,,,,,,,,,,,,,,,,,,,,,,,,16.5,,,,,,,,,15.5,,,15.5,,,15.5,,,14.5,,,14.5,,,,,,,,,,,,,,,,,,,,,12.5,,,,,,,,,,,,,,,,,,,,,4.5,,,,,,1.5,,,,,,,,,,,,,,,,,,,,,2025-11-06,2025-11-06,mgm
Kris Dunn,2914974,3854,Kris,Dunn,LAC,@PHX,https://content.rotowire.com/images/teamlogo/basketball/100LAC.png?v=7,/betting/nba/player/kris-dunn-odds-3854,9.5,,,8.5,,,8.5,,,8.5,,,,,,,,,,,,3.5,,,3.5,,,3.5,,,3.5,,,,,,,,,,,,,,,,,,,,,,,,,,,,,,,,,1.5,,,1.5,,,,,,,,,1.5,,,1.5,,,,,,,,,,,,,,,,,,,,,,,,,,,,,,,,,,,,1.5,,,,,,,,,,,,,,,,,,,,,,,,,,,,,,,,,,,,,,,,,,,,,,,,,,,,,,12.5,,,11.5,,,11.5,,,12.5,,,,,,,,,,,,,,,,,,,,,,,,,,,,,,,,,,,,,,,,,,,,,,,,,,,,,,,,,,,,,,,,,,,,,,,,,,,2025-11-06,2025-11-06,mgm
Collin Gillespie,2914974,5732,Collin,Gillespie,PHX,LAC,https://content.rotowire.com/images/teamlogo/basketball/100PHX.png?v=7,/betting/nba/player/collin-gillespie-odds-5732,,,,9.5,,,9.5,,,9.5,,,9.5,,,9.5,,,,,,,,,,,,,,,,,,3.5,,,3.5,,,,,,,,,3.5,,,3.5,,,4.5,,,3.5,,,3.5,,,,,,2.5,,,2.5,,,2.5,,,2.5,,,2.5,,,,,,,,,,,,0.5,,,,,,,,,,,,,,,,,,0.5,,,,,,,,,,,,,,,,,,,,,0.5,,,,,,,,,,,,,,,,,,,,,,,,,,,,,,,,,,,,16.5,,,,,,,,,,,,,,,,,,12.5,,,,,,,,,,,,13.5,,,13.5,,,13.5,,,,,,,,,,,,,,,,,,,,,,,,,,,,,,,,,1.5,,,,,,,,,,,,,,,,,,,,,2025-11-06,2025-11-06,mgm
Royce O'Neale,2914974,3977,Royce,O'Neale,PHX,LAC,https://content.rotowire.com/images/teamlogo/basketball/100PHX.png?v=7,/betting/nba/player/royce-oneale-odds-3977,9.5,,,9.5,,,9.5,,,9.5,,,8.5,,,8.5,,,,,,4.5,,,4.5,,,4.5,,,4.5,,,4.5,,,4.5,,,,,,,,,2.5,,,2.5,,,2.5,,,2.5,,,2.5,,,,,,2.5,,,2.5,,,2.5,,,2.5,,,2.5,,,2.5,,,,,,,,,0.5,,,,,,,,,,,,,,,,,,0.5,,,,,,,,,,,,,,,,,,,,,1.5,,,,,,,,,,,,,,,,,,,,,,,,17.5,,,17.5,,,17.5,,,,,,16.5,,,,,,14.5,,,14.5,,,14.5,,,14.5,,,13.5,,,,,,,,,,,,12.5,,,12.5,,,12.5,,,,,,,,,,,,,,,7.5,,,7.5,,,7.5,,,7.5,,,,,,,,,1.5,,,,,,,,,,,,,,,,,,,,,2025-11-06,2025-11-06,mgm
Ryan Dunn,2914974,6276,Ryan,Dunn,PHX,LAC,https://content.rotowire.com/images/teamlogo/basketball/100PHX.png?v=7,/betting/nba/player/ryan-dunn-odds-6276,,,,8.5,,,8.5,,,8.5,,,8.5,,,8.5,,,,,,,,,4.5,,,4.5,,,4.5,,,4.5,,,4.5,,,,,,,,,1.5,,,,,,,,,,,,1.5,,,,,,1.5,,,,,,1.5,,,1.5,,,,,,,,,,,,,,,0.5,,,0.5,,,,,,,,,,,,,,,1.5,,,,,,,,,,,,,,,,,,,,,0.5,,,,,,,,,,,,,,,,,,,,,,,,15.5,,,15.5,,,15.5,,,,,,14.5,,,,,,,,,13.5,,,13.5,,,13.5,,,13.5,,,13.5,,,,,,,,,10.5,,,10.5,,,10.5,,,,,,9.5,,,,,,,,,6.5,,,6.5,,,6.5,,,,,,6.5,,,,,,1.5,,,,,,,,,,,,,,,,,,,,,2025-11-06,2025-11-06,mgm
Brook Lopez,2914974,2918,Brook,Lopez,LAC,@PHX,https://content.rotowire.com/images/teamlogo/basketball/100LAC.png?v=7,/betting/nba/player/brook-lopez-odds-2918,,,,6.5,,,7.5,,,6.5,,,7.5,,,7.5,,,,,,,,,2.5,,,2.5,,,2.5,,,2.5,,,2.5,,,,,,,,,,,,,,,,,,,,,0.5,,,,,,1.5,,,1.5,,,1.5,,,1.5,,,1.5,,,,,,,,,,,,0.5,,,,,,,,,,,,,,,,,,0.5,,,,,,,,,,,,,,,,,,,,,0.5,,,,,,,,,,,,,,,,,,,,,,,,,,,,,,,,,,,,11.5,,,,,,,,,10.5,,,10.5,,,9.5,,,,,,,,,,,,,,,,,,,,,,,,,,,,,,,,,,,,,,,,,,,,,,,,,,,,,,0.5,,,,,,,,,,,,,,,,,,,,,2025-11-06,2025-11-06,mgm
Chris Paul,2914974,2584,Chris,Paul,LAC,@PHX,https://content.rotowire.com/images/teamlogo/basketball/100LAC.png?v=7,/betting/nba/player/chris-paul-odds-2584,7.5,,,6.5,,,6.5,,,6.5,,,,,,,,,,,,,,,,,,,,,,,,,,,,,,,,,5.5,,,6.5,,,6.5,,,6.5,,,,,,,,,,,,1.5,,,1.5,,,,,,,,,1.5,,,1.5,,,,,,,,,,,,,,,,,,,,,,,,,,,,,,,,,,,,,,,,,,,,,,,,,,,,,,,,,,,,,,,,,,,,,,,,,,,,,,,,,,,,,,,,,,,,,,,,,,,,,,,,,,,,,,,12.5,,,13.5,,,13.5,,,13.5,,,,,,,,,,,,,,,,,,,,,,,,,,,,,,,,,,,,,,,,,,,,,,,,,,,,,,2025-11-06,2025-11-06,mgm
Oso Ighodaro,2914974,6293,Oso,Ighodaro,PHX,LAC,https://content.rotowire.com/images/teamlogo/basketball/100PHX.png?v=7,/betting/nba/player/oso-ighodaro-odds-6293,,,,,,,,,,,,,,,,4.5,,,,,,,,,3.5,,,,,,,,,3.5,,,3.5,,,,,,,,,,,,,,,,,,,,,1.5,,,,,,,,,,,,,,,,,,,,,,,,,,,,,,0.5,,,,,,,,,,,,,,,,,,0.5,,,,,,,,,,,,,,,,,,,,,0.5,,,,,,,,,,,,,,,,,,,,,,,,,,,,,,,,,,,,8.5,,,,,,,,,,,,,,,,,,,,,,,,,,,,,,,,,,,,,,,,,,,,,,,,,,,,,,,,,,,,,,,,,,,,,0.5,,,,,,,,,,,,,,,,,,,,,2025-11-06,2025-11-06,mgm
